ROCK,Reference,Sample,country,Location1,Location2,Type,Sub type,Age (Ma),Wt.%,SiO2 ,TiO2,Al2O3,Fe2O3t,Fe2O3,FeO,MnO,MgO,CaO,Na2O,K2O,P2O5,ZrO2,Nb2O5,Y2O3,B2O3,H2O,H2O+,H2O-,CO2,LOI,Total,,A/CNK,Na+K/Al,A/NK,,ppm,Mg,Mn,Ti,S,P,B,F,Cl,Li ,,Nb,Ta,Nb/Ta,Zr,Hf,Zr/Hf
MPG,Ballouard et al.2017b,PONT-14-1,France ,Armorican Massif,Pontivy-Rostrenen,Porphyritic leucogranite,Qtz-Fsp-Bt>Ms,315,,70.59,0.275,15.23,1.817,,,0.0258,0.571,0.873,3.627,4.66,0.37,,,,,,,,,1.16,99.2,,1.21,0.72,1.38,,,,,,,,,,,257,,6.738,1.271,5.30133753,92.63,2.955,31.34686971
MPG,Ballouard et al.2017b,PONT-14-2,France ,Armorican Massif,Pontivy-Rostrenen,Porphyritic leucogranite,Qtz-Fsp-Bt>Ms,315,,72.1,0.207,15.188,0.855,,,0.0124,0.29,0.571,3.405,4.685,0.36,,,,,,,,,1.54,99.21,,1.30,0.70,1.42,,,,,,,,,,,202,,6.387,1.41,4.529787234,76.53,2.479,30.87131908
MPG,Ballouard et al.2017b,PONT-14-19,France ,Armorican Massif,Pontivy-Rostrenen,Porphyritic leucogranite,Qtz-Fsp-Bt>Ms,315,,70.88,0.307,15.58,1.577,,,0.0184,0.514,0.639,3.218,4.89,0.3,,,,,,,,,1.89,99.8134,,1.33,0.68,1.47,,,,,,,,,,,66,,5.537,0.778,7.116966581,117.2,3.512,33.37129841
MPG,Ballouard et al.2017b,PONT-14-5,France ,Armorican Massif,Pontivy-Rostrenen,Porphyritic leucogranite,Qtz-Fsp-Bt>Ms,315,,73.05,0.206,14.638,1.282,,,0.0251,0.389,0.743,3.652,4.431,0.38,,,,,,,,,0.73,99.52,,1.20,0.74,1.35,,,,,,,,,,,205,,5.718,1.015,5.633497537,84.26,2.668,31.58170915
MPG,Ballouard et al.2017b,PONT-14-11,France ,Armorican Massif,Pontivy-Rostrenen,Porphyritic leucogranite,Qtz-Fsp-Bt>Ms,315,,71.59,0.314,15.583,1.802,,,0.0304,0.636,0.989,4.058,4.351,0.42,,,,,,,,,1.01,100.77,,1.18,0.73,1.37,,,,,,,,,,,224,,8.412,1.467,5.734151329,127.3,3.915,32.51596424
MPG,Euzen 1993,BL145,France ,Armorican Massif,Pontivy-Rostrenen,Porphyritic leucogranite,,315,,71.66,0.33,15.75,1.78,,,0.03,0.59,0.83,3.47,4.44,0.35,,,,,,,,,1.3,100.53,,1.31,0.67,1.50,,,,,,,,,,,,,10,1.04,9.615384615,141,3.7,38.10810811
MPG,Euzen 1993,bl72,France ,Armorican Massif,Pontivy-Rostrenen,Porphyritic leucogranite,,315,,71.15,0.24,15.36,1.516,,,0.02,0.48,0.74,3.39,4.97,0.36,,,,,,,,,1.1,99.326,,1.25,0.71,1.40,,,,,,,,,,,,,10,1.18,8.474576271,112,2.9,38.62068966
MPG,Euzen 1993,bl97,France ,Armorican Massif,Pontivy-Rostrenen,Equigranular leucogranite,,315,,72.53,0.21,14.66,1.33,,,0.01,0.36,0.64,3.48,4.66,0.37,,,,,,,,,1.02,99.27,,1.23,0.73,1.36,,,,,,,,,,,,,12,1.8,6.666666667,100,2.8,35.71428571
MPG,Ballouard et al.2017b,PONT-14-10,France ,Armorican Massif,Pontivy-Rostrenen,Equigranular leucogranite,Qtz-Fsp-Ms>Bt,315,,73.33,0.153,14.608,0.979,,,0.0159,0.223,0.534,3.624,4.294,0.45,,,,,,,,,1.33,99.5409,,1.26,0.73,1.38,,,,,,,,,,,310,,9.268,2.348,3.947189097,60.63,2.073,29.24746744
MPG,Ballouard et al.2017b,PONT-14-12,France ,Armorican Massif,Pontivy-Rostrenen,Equigranular leucogranite,Qtz-Fsp-Bt>Ms,315,,73.07,0.153,14.603,0.904,,,0.0126,0.22,0.51,3.404,4.452,0.44,,,,,,,,,1.29,99.0586,,1.29,0.71,1.40,,,,,,,,,,,272,,9.212,2.378,3.873843566,59.72,2.041,29.26016659
MPG,Ballouard et al.2017b,PONT-14-13,France ,Armorican Massif,Pontivy-Rostrenen,Equigranular leucogranite,Qtz-Fsp-Ms> ou = Bt,315,,71.88,0.179,14.793,1.1,,,0.0192,0.278,0.555,3.476,4.769,0.47,,,,,,,,,1.34,98.8592,,1.24,0.74,1.36,,,,,,,,,,,251,,7.522,2.444,3.077741408,69.92,2.211,31.62369968
MPG,Ballouard et al.2017b,PONT-14-17,France ,Armorican Massif,Pontivy-Rostrenen,Equigranular leucogranite,Qtz-Fsp-Bt>Ms,315,,72.84,0.235,15.058,1.572,,,0.0154,0.445,0.685,3.382,4.798,0.39,,,,,,,,,1.05,100.4704,,1.25,0.71,1.40,,,,,,,,,,,208,,6.892,1.327,5.193669932,101,3.142,32.14513049
MPG,Ballouard et al.2017b,PONT-14-28,France ,Armorican Massif,Pontivy-Rostrenen,Equigranular leucogranite,Qtz-Fsp-Bt>Ms,315,,73.04,0.211,14.56,1.369,,,0.0126,0.403,0.573,2.922,5.177,0.37,,,,,,,,,1.31,99.9476,,1.27,0.72,1.40,,,,,,,,,,,120,,5.543,0.95,5.834736842,82.25,2.556,32.17918623
MPG,Ballouard et al.2017b,PONT-14-25,France ,Armorican Massif,Pontivy-Rostrenen,Equigranular leucogranite,Qtz-Fsp-Bt>Ms,315,,70.36,0.378,15.178,2.038,,,0.0204,0.789,0.84,3.256,5.02,0.3,,,,,,,,,1.35,99.5294,,1.23,0.71,1.41,,,,,,,,,,,110,,3.96,0.447,8.859060403,155.1,4.459,34.78358376
MPG,Ballouard et al.2017b,PONT-14-15,France ,Armorican Massif,Pontivy-Rostrenen,Equigranular leucogranite,Qtz-Fsp-Ms>Bt,315,,72.01,0.189,14.715,1.232,,,0.0148,0.327,0.558,3.335,4.946,0.42,,,,,,,,,1.34,99.0868,,1.24,0.74,1.36,,,,,,,,,,,184,,6.54,1.405,4.65480427,72.17,2.37,30.45147679
MPG,Ballouard et al.2017b,PONT-14-18,France ,Armorican Massif,Pontivy-Rostrenen,Equigranular leucogranite,Qtz-Fsp-Bt>Ms-,315,,71.07,0.322,15.4,1.754,,,0.0099,0.507,0.79,2.967,5.033,0.45,,,,,,,,,1.5,99.8029,,1.31,0.67,1.49,,,,,,,,,,,100,,6.199,0.679,9.129602356,137.6,4.14,33.23671498
MPG,Ballouard et al.2017b,PONT-14-3,France ,Armorican Massif,Pontivy-Rostrenen,Equigranular leucogranite,Qtz-Fsp-Bt=Ms,315,,72.15,0.263,15.338,1.531,,,0.0163,0.501,0.873,3.573,4.325,0.35,,,,,,,,,1.77,100.6903,,1.26,0.69,1.45,,,,,,,,,,,174,,5.496,1.193,4.606873428,101.5,3.167,32.04925797
MPG,Ballouard et al.2017b,PONT-14-6,France ,Armorican Massif,Pontivy-Rostrenen,Equigranular leucogranite,Qtz-Fsp-Bt>Ms,315,,71.77,0.24,15.02,1.464,,,0.0202,0.422,0.575,3.276,4.739,0.34,,,,,,,,,1.42,99.2862,,1.30,0.70,1.43,,,,,,,,,,,188,,5.687,1.045,5.442105263,96.76,2.989,32.37203078
MPG,Ballouard et al.2017b,PONT-14-14,France ,Armorican Massif,Pontivy-Rostrenen,Equigranular leucogranite,Qtz-Fsp-Ms,315,,73.42,0.09,14.415,0.381,,,0.0105,0.194,0.416,3.021,4.534,0.41,,,,,,,,,1.82,98.7115,,1.36,0.69,1.46,,,,,,,,,,,135,,6.343,2.172,2.920349908,30.66,1.214,25.2553542
MPG,Ballouard et al.2017b,PONT-14-9,France ,Armorican Massif,Pontivy-Rostrenen,Equigranular leucogranite,Qtz-Fsp-Bt>Ms Trm?,315,,73.83,0.109,15.255,0.937,,,0.0361,0.32,0.726,4.659,3.218,0.26,,,,,,,,,1.13,100.4801,,1.22,0.73,1.37,,,,,,,,,,,225,,4.875,1.798,2.71134594,58.24,2.003,29.07638542
MPG,Ballouard et al.2017b,PONT-14-26,France ,Armorican Massif,Pontivy-Rostrenen,Equigranular leucogranite,Qtz-Fsp-Ms> ou = Bt,315,,71.4,0.207,14.753,1.348,,,0.021,0.394,0.633,3.327,5.007,0.41,,,,,,,,,1.15,98.65,,1.22,0.74,1.35,,,,,,,,,,,176,,6.299,1.263,4.98733175,86.04,2.727,31.55115512
MPG,Ballouard et al.2017b,PONT-14-27,France ,Armorican Massif,Pontivy-Rostrenen,Equigranular leucogranite,Qtz-Fsp-Ms> ou = Bt ou Bt>Ms,315,,71.72,0.241,15.52,1.376,,,0.0145,0.425,0.566,2.948,5.582,0.49,,,,,,,,,1.55,100.4325,,1.30,0.70,1.42,,,,,,,,,,,145,,7.558,1.51,5.005298013,97.2,3.029,32.08979861
MPG,Euzen 1993,bl164,France ,Armorican Massif,Pontivy-Rostrenen,Equigranular leucogranite,,315,,71.98,0.25,14.81,1.18,,,0.01,0.34,0.43,2.21,6.06,0.41,,,,,,,,,1.57,99.25,,1.35,0.69,1.45,,,,,,,,,,,,,12,0.84,14.28571429,115,2.9,39.65517241
MPG,Euzen 1993,bl196,France ,Armorican Massif,Pontivy-Rostrenen,Equigranular leucogranite,,315,,71.92,0.21,15.05,1.37,,,0.02,0.38,0.6,2.72,4.94,0.37,,,,,,,,,1.56,99.14,,1.38,0.65,1.53,,,,,,,,,,,,,12,1.89,6.349206349,104,,
MPG,Tartèse et al. 2012,GUI12,France ,Armorican Massif,Pontivy-Rostrenen,Equigranular leucogranite,,315,,70.94,0.34,14.82,1.76,,,0.01,0.56,0.63,2.91,5.83,0.39,,,,,,,,,1.15,99.34,,1.21,0.75,1.34,,,,,,,,,,,,,6.6,1,6.6,154,4.27,36.06557377
MPG,Tartèse et al. 2012,GUI13,France ,Armorican Massif,Pontivy-Rostrenen,Equigranular leucogranite,,315,,71.26,0.3,14.69,1.63,,,0.01,0.49,0.67,2.94,5.3,0.38,,,,,,,,,1.37,99.04,,1.25,0.72,1.39,,,,,,,,,,,,,6.4,1.07,5.981308411,132,3.67,35.96730245
MPG,Euzen 1993,BL172,France ,Armorican Massif,Pontivy-Rostrenen,Equigranular leucogranite,,315,,71.43,0.15,15.41,1.29,,,0.01,0.47,0.36,2.46,5.98,0.28,,,,,,,,,1.51,99.35,,1.38,0.68,1.46,,,,,,,,,,,,,8,1.09,7.339449541,66,1.6,41.25
MPG,Euzen 1993,BL199,France ,Armorican Massif,Pontivy-Rostrenen,Equigranular leucogranite,,315,,72.49,0.17,14.91,1.1,,,0.02,0.29,0.56,3.25,4.79,0.42,,,,,,,,,1.22,99.22,,1.29,0.71,1.42,,,,,,,,,,,,,15,2.5,6,84,,
MPG,Euzen 1993,BL53,France ,Armorican Massif,Pontivy-Rostrenen,Equigranular leucogranite,,315,,72.89,0.17,14.9,0.87,,,0.02,0.2,0.55,3.61,4.36,0.5,,,,,,,,,1.3,99.37,,1.28,0.72,1.40,,,,,,,,,,,,,17,3.6,4.722222222,83,2.4,34.58333333
MPG,Euzen 1993,BL129,France ,Armorican Massif,Pontivy-Rostrenen,Equigranular leucogranite,,315,,74.59,0.15,14.39,1,,,0.02,0.2,0.5,3.53,4.65,0.45,,,,,,,,,0.92,100.4,,1.22,0.75,1.33,,,,,,,,,,,,,15,2.4,6.25,50,1.5,33.33333333
MPG,Euzen 1993,BL193,France ,Armorican Massif,Pontivy-Rostrenen,Equigranular leucogranite,,315,,70.97,0.25,15.45,1.61,,,0.01,0.49,0.47,2.94,5.19,0.35,,,,,,,,,1.67,99.4,,1.37,0.68,1.48,,,,,,,,,,,,,10,1.49,6.711409396,112,2.9,38.62068966
MPG,Euzen 1993,BL193',France ,Armorican Massif,Pontivy-Rostrenen,Equigranular leucogranite,,315,,72.39,0.19,14.89,1.24,,,0.01,0.38,0.54,2.95,5.2,0.42,,,,,,,,,1.38,99.59,,1.30,0.70,1.42,,,,,,,,,,,,,1.67,1.29,1.294573643,86,2.2,39.09090909
MPG,Ballouard et al.2017b,PONT-14-20,France ,Armorican Massif,Pontivy-Rostrenen,Late equigranular leucogranite,Qtz-Fsp-Bt>Ms,315,,72.32,0.217,15.068,1.206,,,0.0157,0.337,0.679,3.292,4.834,0.24,,,,,,,,,1.67,99.8787,,1.27,0.71,1.42,,,,,,,,,,,119,,6.233,1.076,5.792750929,103.3,3.286,31.43639684
MPG,Ballouard et al.2017b,PONT-14-21,France ,Armorican Massif,Pontivy-Rostrenen,Late equigranular leucogranite,Qtz-Fsp-Ms,315,,74.86,0.083,14.51,0.81,,,0.0199,0.115,0.38,3.766,4.28,0.39,,,,,,,,,1.19,100.4039,,1.26,0.75,1.34,,,,,,,,,,,168,,9.354,2.102,4.450047574,36.74,1.659,22.14587101
MPG,Euzen 1993,bl111,France ,Armorican Massif,Pontivy-Rostrenen,Late equigranular leucogranite,,315,,74.4,0.08,14.59,0.77,,,0.02,0.11,0.41,3.74,4.2,0.4,,,,,,,,,0.98,99.7,,1.27,0.73,1.36,,,,,,,,,,,,,17,2.06,8.252427184,46,,
MPG,Euzen 1993,bl116,France ,Armorican Massif,Pontivy-Rostrenen,Late equigranular leucogranite,,315,,74.53,0.12,14.22,0.86,,,0.02,0.15,0.45,3.33,4.17,0.39,,,,,,,,,1.09,99.33,,1.32,0.70,1.42,,,,,,,,,,,,,16,2.09,7.655502392,54,,
MPG,Euzen 1993,bl117,France ,Armorican Massif,Pontivy-Rostrenen,Late equigranular leucogranite,,315,,74.28,0.17,14.42,1.21,,,0.01,0.33,0.37,3.02,4.54,0.35,,,,,,,,,1.3,100,,1.37,0.69,1.46,,,,,,,,,,,,,13,1.76,7.386363636,69,,
MPG,Ballouard et al. 2015,GUE-12-6,France ,Armorican Massif,Guerande,,,310,,72.54,0.121,15.433,0.381,,,0.0056,0.145,0.458,3.734,4.569,0.23,,,,,,,,,1.54,99.15,,1.29,0.72,1.39,,,,,,,,,,,,,6.701,1.48,4.527702703,45.82,1.541,29.733939
MPG,Ballouard et al. 2015,GUE-12-8,France ,Armorican Massif,Guerande,,,310,,73.28,0.101,14.968,0.779,,,0.0135,0.238,0.751,4.013,4.441,0.23,,,,,,,,,0.98,99.79,,1.17,0.76,1.31,,,,,,,,,,,,,5.702,1.318,4.326251897,45.55,1.528,29.81020942
MPG,Ballouard et al. 2015,GUE-12-4,France ,Armorican Massif,Guerande,,,310,,72.13,0.124,15.038,0.955,,,0.0147,0.236,0.783,3.781,4.606,0.25,,,,,,,,,1.04,98.95,,1.19,0.75,1.34,,,,,,,,,,,,,8.029,1.729,4.643724696,48.69,1.649,29.52698605
MPG,Ballouard et al. 2015,GUE-12-7,France ,Armorican Massif,Guerande,,,310,,72.29,0.147,14.915,0.92,,,0.0119,0.255,0.795,3.607,4.933,0.22,,,,,,,,,0.74,98.83,,1.17,0.76,1.32,,,,,,,,,,,,,5.667,0.974,5.818275154,61.47,2.002,30.7042957
MPG,Ballouard et al. 2015,GUE-12-10,France ,Armorican Massif,Guerande,,,310,,71.78,0.161,15.18,0.99,,,0.01,0.30,0.73,3.26,4.94,0.23,,,,,,,,,1.34,98.93,,1.26,0.71,1.42,,,,,,,,,,,,,6.655,1.032,6.448643411,67.17,2.029,33.10497782
MPG,Ballouard et al. 2015,GUE-12-5,France ,Armorican Massif,Guerande,,,310,,73.38,0.064,14.28,0.53,,,0.01,0.12,0.55,3.77,5.11,0.18,,,,,,,,,0.63,98.63,,1.12,0.82,1.22,,,,,,,,,,,,,4.945,1.356,3.646755162,19.6,0.727,26.96011004
MPG,Ballouard et al. 2015,GUE-12-14,France ,Armorican Massif,Guerande,,,310,,72.34,0.15,15.34,0.87,,,0.01,0.24,0.83,3.54,4.70,0.25,,,,,,,,,1,99.27,,1.24,0.71,1.41,,,,,,,,,,,,,7.963,0.636,12.52044025,58.18,1.772,32.83295711
MPG,Ballouard et al. 2015,GUE-12-16,France ,Armorican Massif,Guerande,,,310,,72.93,0.082,14.79,0.51,,,0.01,0.14,0.71,3.93,5.14,0.25,,,,,,,,,0.67,99.16,,1.11,0.81,1.23,,,,,,,,,,,,,7.016,1.266,5.541864139,47.68,1.695,28.12979351
MPG,Ballouard et al. 2015,GUE-12-17,France ,Armorican Massif,Guerande,,,310,,73.64,0.064,15.01,0.22,,,0.01,0.07,0.62,3.83,5.03,0.22,,,,,,,,,0.05,98.75,,1.17,0.78,1.28,,,,,,,,,,,,,10.64,1.76,6.045454545,36.62,1.374,26.65211063
MPG,Ballouard et al. 2015,GUE-12-12,France ,Armorican Massif,Guerande,,,310,,74.21,0.094,14.50,0.73,,,0.02,0.16,0.48,4.00,4.08,0.25,,,,,,,,,0.95,99.47,,1.22,0.76,1.32,,,,,,,,,,,,,7.749,1.449,5.347826087,32.16,1.097,29.31631723
MPG,Ballouard et al. 2015,GUE-12-11,France ,Armorican Massif,Guerande,,,310,,72.88,0.07,14.76,0.45,,,0.01,0.14,0.71,4.40,4.01,0.16,,,,,,,,,0.94,98.51,,1.15,0.78,1.28,,,,,,,,,,,,,4.679,0.611,7.657937807,33.36,1.187,28.10446504
MPG,Ballouard et al. 2015,GUE-12-13,France ,Armorican Massif,Guerande,,,310,,72.78,0.087,15.27,0.59,,,0.01,0.16,0.59,4.05,4.65,0.14,,,,,,,,,0.79,99.11,,1.20,0.77,1.31,,,,,,,,,,,,,6.344,0.804,7.890547264,22.13,0.767,28.85267275
MPG,Ballouard et al. 2015,GUE-12-15,France ,Armorican Massif,Guerande,,,310,,71.6,0.177,15.04,1.16,,,0.01,0.32,0.82,3.85,4.59,0.23,,,,,,,,,0.89,98.69,,1.18,0.75,1.33,,,,,,,,,,,,,8.613,1.553,5.546039923,80.53,2.459,32.74908499
MPG,Ballouard et al. 2015,GUE-12-20,France ,Armorican Massif,Guerande,Apical zone,,310,,75.33,0.02,14.01,0.26,,,0.01,0.06,0.21,4.68,3.63,0.14,,,,,,,,,0.84,99.1787,,1.17,0.83,1.20,,,,,,,,,,,,,8.626,3.854,2.238194084,13.27,1.1,12.06363636
MPG,Ballouard et al. 2015,GUE-12-3,France ,Armorican Massif,Guerande,Apical zone,,310,,72.53,0.115,14.95,0.68,,,0.01,0.20,0.57,3.79,4.61,0.23,,,,,,,,,1.14,98.83,,1.22,0.75,1.33,,,,,,,,,,,,,6.393,1.846,3.463163597,44.54,1.541,28.90330954
MPG,Ballouard et al. 2015,GUE-12-1,France ,Armorican Massif,Guerande,Apical zone,,310,,73.18,0.079,14.66,0.52,,,0.01,0.16,0.43,4.18,4.03,0.24,,,,,,,,,1.1,98.57,,1.22,0.77,1.30,,,,,,,,,,,,,6.811,3.414,1.995020504,30.07,1.257,23.9220366
MPG,Ballouard et al. 2015,GUE-12-2. A,France ,Armorican Massif,Guerande,Apical zone,,310,,73.49,0.059,15.01,0.67,,,0.02,0.15,0.40,4.51,3.51,0.29,,,,,,,,,1.09,99.19389,,1.26,0.75,1.34,,,,,,,,,,,,,10.57,3.308,3.19528416,18.52,0.961,19.27159209
MPG,Ballouard et al. 2015,GUE-12-9,France ,Armorican Massif,Guerande,Apical zone,,310,,72.89,0.106,15.27,0.45,,,0.01,0.16,0.62,4.07,4.26,0.21,,,,,,,,,1.19,99.23,,1.23,0.74,1.35,,,,,,,,,,,,,6.514,1.436,4.536211699,41.23,1.439,28.65184156
MPG,Ballouard et al. 2015,GUE-12-18,France ,Armorican Massif,Guerande,Apical zone,,310,,73.67,0.095,14.81,0.71,,,0.02,0.21,0.59,3.66,4.51,0.35,,,,,,,,,1.25,99.86,,1.24,0.74,1.36,,,,,,,,,,,,,11.39,3.971,2.86829514,38.19,1.408,27.12357955
MPG,Tartèse and Boulvais 2010,GRT17,France ,Armorican Massif,Lizio,,,315,,71.74,0.24,15.35,1.42,,,0.02,0.47,0.91,3.43,5.34,0.27,,,,,,,,,1.34,100.53,,1.17,0.74,1.34,,,,,,,,,,,,,5.1,0.79,6.455696203,100,2.89,34.60207612
MPG,Tartèse and Boulvais 2010,LRT13,France ,Armorican Massif,Lizio,,,315,,71.85,0.25,15.38,1.52,,,0.02,0.48,0.82,3.25,5.19,0.31,,,,,,,,,1.76,100.83,,1.23,0.71,1.40,,,,,,,,,,,,,7.3,1.71,4.269005848,105,3.1,33.87096774
MPG,Tartèse and Boulvais 2010,LRT12,France ,Armorican Massif,Lizio,,,315,,71.98,0.24,14.84,1.52,,,0.02,0.45,1.04,3.4,4.82,0.26,,,,,,,,,1.44,100.01,,1.17,0.73,1.37,,,,,,,,,,,,,6,1.16,5.172413793,106,3.14,33.75796178
MPG,Tartèse and Boulvais 2010,LRT15,France ,Armorican Massif,Lizio,,,315,,72.41,0.22,15.35,1.36,,,0.02,0.39,0.72,3.41,5.1,0.29,,,,,,,,,1.48,100.75,,1.23,0.73,1.38,,,,,,,,,,,,,6,1.17,5.128205128,96,2.79,34.40860215
MPG,Tartèse and Boulvais 2010,LRT10,France ,Armorican Massif,Lizio,,,315,,72.82,0.19,15.26,1.32,,,0.02,0.38,0.67,3.49,4.79,0.33,,,,,,,,,1.63,100.9,,1.26,0.72,1.40,,,,,,,,,,,,,6.8,1.33,5.112781955,73,2.29,31.87772926
MPG,Tartèse and Boulvais 2010,LRT14,France ,Armorican Massif,Lizio,,,315,,72.82,0.22,15.55,0.67,,,0.01,0.29,0.47,2.96,5.17,0.28,,,,,,,,,2.4,100.84,,1.37,0.67,1.49,,,,,,,,,,,,,6.8,1.47,4.62585034,87,2.59,33.59073359
MPG,Tartèse and Boulvais 2010,GRT16,France ,Armorican Massif,Lizio,,,315,,72.98,0.19,14.94,1.23,,,0.02,0.36,0.75,3.61,4.8,0.4,,,,,,,,,1.22,100.5,,1.20,0.75,1.34,,,,,,,,,,,,,5.1,0.84,6.071428571,72,2.13,33.8028169
MPG,Tartèse and Boulvais 2010,LRT11,France ,Armorican Massif,Lizio,,,315,,73.33,0.17,14.87,1.34,,,0.03,0.36,0.61,3.44,4.61,0.28,,,,,,,,,1.46,100.5,,1.26,0.72,1.40,,,,,,,,,,,,,7.7,2.09,3.684210526,68,2.28,29.8245614
MPG,Tartèse and Boulvais 2010,QRT08,France ,Armorican Massif,Questembert,,,315,,72.87,0.18,14.8,1.24,,,0.02,0.31,0.62,3.31,4.93,0.35,,,,,,,,,1.32,99.95,,1.24,0.73,1.37,,,,,,,,,,,,,8.4,1.52,5.526315789,86,2.62,32.82442748
MPG,Tartèse and Boulvais 2010,QRT09,France ,Armorican Massif,Questembert,,,315,,73.41,0.12,15.62,0.61,,,0.02,0.2,0.53,3.32,4.54,0.41,,,,,,,,,1.54,100.32,,1.38,0.66,1.51,,,,,,,,,,,,,12.8,3.63,3.526170799,42,1.63,25.76687117
MPG,Tartèse and Boulvais 2010,QRT06,France ,Armorican Massif,Questembert,,,315,,73.51,0.09,14.73,0.93,,,0.03,0.22,0.64,3.53,4.49,0.35,,,,,,,,,1.24,99.76,,1.25,0.72,1.38,,,,,,,,,,,,,9.4,3.15,2.984126984,40,1.53,26.14379085
MPG,Tartèse and Boulvais 2010,QRT01,France ,Armorican Massif,Questembert,,,315,,73.53,0.14,14.82,1.05,,,0.02,0.29,0.6,3.53,4.85,0.26,,,,,,,,,1.18,100.27,,1.22,0.75,1.34,,,,,,,,,,,,,10.4,1.79,5.810055866,61,1.97,30.96446701
MPG,Tartèse and Boulvais 2010,QRT07,France ,Armorican Massif,Questembert,,,315,,73.64,0.07,14.87,0.56,,,0.03,0.14,0.48,3.64,4.27,0.3,,,,,,,,,1.26,99.26,,1.29,0.71,1.40,,,,,,,,,,,,,9.3,2.68,3.470149254,31,1.27,24.40944882
MPG,Tartèse and Boulvais 2010,QRT05,France ,Armorican Massif,Questembert,,,315,,73.99,0.06,15.05,0.61,,,0.03,0.14,0.49,3.75,4.29,0.32,,,,,,,,,1.25,99.98,,1.29,0.72,1.39,,,,,,,,,,,,,10,3.42,2.923976608,32,1.3,24.61538462
MPG,Tartèse and Boulvais 2010,QRT02,France ,Armorican Massif,Questembert,,,315,,74.24,0.05,14.66,0.79,,,0.07,0.15,0.43,3.64,4.28,0.28,,,,,,,,,1.37,99.96,,1.29,0.72,1.38,,,,,,,,,,,,,10.3,3.89,2.64781491,25,1.03,24.27184466
MPG,Raimbault et al. 1995,EFP  40,France ,French Massif Central,Beauvoir,µg ,Microgranite,,,70.98,0.039709758,17.96,0.962,,,,0.152,0.34,2.6,3.37,0.31,,,,,,,,,2.73,99.25,,2.10,0.44,2.27,,,914,298,238,,,,,,367,,56.7,25.2,2.25,56.8,3.62,
MPG,Raimbault et al. 1995,EFP 5,France ,French Massif Central,Beauvoir,Cc,Colettes two micas granites,,,72.71,0.101777112,15.27,1.21,,,,0.232,0.51,3.28,4.74,0.41,,,,,,,,,1.32,99.45,,1.33,0.69,1.45,,,1402,220,610,,,,,,683,,26.3,7.66,3.433420366,51.8,1.43,
MPG,Raimbault et al. 1995,EFP 6,France ,French Massif Central,Beauvoir,C1,Colettes two micas granites,,,72.94,0.113456452,15.19,1.019,,,,0.199,0.48,3.59,4.89,0.33,,,,,,,,,1.09,99.53,,1.26,0.74,1.36,,,1203,149,680,,,,,,493,,26.9,8.46,3.179669031,51.7,1.91,
MPG,Raimbault et al. 1995,EFP 28,France ,French Massif Central,Beauvoir,Cw,Colettes two micas granites,,,72.21,0.103445589,15.02,0.959,,,,0.190,0.38,3.47,4.85,0.41,,,,,,,,,1.05,98.35,,1.29,0.73,1.37,,,1145,186,620,,,,,,489,,25.5,8,3.1875,53.3,1.86,
MPG,Raimbault et al. 1995,EFP 34,France ,French Massif Central,Beauvoir,Cse,Colettes two micas granites,,,71.72,0.089930923,15.04,1.13,,,,0.198,0.58,3.28,4.84,0.43,,,,,,,,,1.06,98.08,,1.29,0.71,1.41,,,1197,219,539,,,,,,743,,28.6,10.1,2.831683168,46.8,1.68,
MPG,Raimbault et al. 1995,ESP 97.7,France ,French Massif Central,Beauvoir,apl,aplite at the top of  or cuting the beauvoir granite,308,,79.44,0.013848361,9.52,0.545,,,,0.303,1.37,0.06,2.93,1.13,,,,,,,,,1.88,97.5,,1.65,0.34,2.91,,,1830,856,83,,,,10800,,2336,,99.2,142.9,0.694191742,29.6,2.97,
MPG,Raimbault et al. 1995,ESP 97.9,France ,French Massif Central,Beauvoir,fringe,Highest unit of the beauvoir granite,308,,77.26,0.013848361,12.37,0.442,,,,0.166,0.15,3.29,2.16,0.16,,,,,,,,,1.66,98.14,,1.54,0.63,1.60,,,1004,633,83,,,,11300,,2967,,84,115.5,0.727272727,39.5,4,
MPG,Raimbault et al. 1995,ESP 99.3,France ,French Massif Central,Beauvoir,fringe,Highest unit of the beauvoir granite,308,,72.16,0.010678254,17.02,0.495,,,,0.061,0.35,0.1,5.37,0.3,,,,,,,,,2.66,99.32,,2.57,0.35,2.85,,,370,349,64,,,,15100,,4490,,110,462,0.238095238,25.7,5.81,
MPG,Raimbault et al. 1995,ESP 107,France ,French Massif Central,Beauvoir,fringe,Highest unit of the beauvoir granite,308,,68.85,0.009009777,17.61,0.122,,,,0.034,0.86,5.07,3.45,1.45,,,,,,,,,2.07,100.5,,1.29,0.69,1.46,,,208,232,54,,,,17700,,5220,,126.8,362,0.350276243,25.3,3.78,
MPG,Raimbault et al. 1995,ESP 118.5,France ,French Massif Central,Beauvoir,hml,heavy mineral-enrich layer at the fringe of the upper B1 interface,308,,68.31,0.007007604,16.77,0.083,,,,0.043,1.46,5.08,2.62,1.77,,,,,,,,,3.47,99.56,,1.21,0.67,1.50,,,257,214,42,,,,17400,,5840,,160.7,320,0.5021875,23.3,3.03,
MPG,Raimbault et al. 1995,ESP 130,France ,French Massif Central,Beauvoir,upB1,upper part of B1 facies,308,,68.68,0.00583967,16.86,0.08,,,,0.045,1.6,4.29,2.92,1.64,,,,,,,,,2.49,99.57,,1.28,0.61,1.65,,,274,145,35,,,,22700,,5137,,113.8,221,0.514932127,25.8,5.46,
MPG,Raimbault et al. 1995,ESP 209.1,France ,French Massif Central,Beauvoir,B1,Faciès B1,308,,69.75,0.008842929,16.7,0.094,,,,0.034,0.38,4.68,3.14,1.37,,,,,,,,,1.82,99.24,,1.42,0.66,1.50,,,207,201,53,,,,19600,,5516,,79.3,89.7,0.884057971,22.1,2.43,
MPG,Raimbault et al. 1995,ESP 209.5,France ,French Massif Central,Beauvoir,Ab,albitite?,308,,64.59,0.010344559,19.29,0.069,,,,0.021,0.31,6.89,3.51,0.91,,,,,,,,,2.02,98.72,,1.23,0.78,1.27,,,124,223,62,,,,37400,,6150,,41.7,54.6,0.763736264,22.8,2.25,
MPG,Raimbault et al. 1995,ESP 209.7,France ,French Massif Central,Beauvoir,B1,Faciès B1,308,,64.66,0.013681513,19.18,0.116,,,,0.023,0.27,4.25,4.29,1.26,,,,,,,,,2.8,99,,1.58,0.61,1.65,,,137,374,82,,,,24000,,9643,,95.5,120.9,0.789909016,31.8,4.97,
MPG,Raimbault et al. 1995,ESP 270,France ,French Massif Central,Beauvoir,B1,Faciès B1,308,,68.59,0.009176625,17.16,0.097,,,,0.009,0.12,5.35,3.17,1.71,,,,,,,,,1.84,99.43,,1.38,0.71,1.40,,,56,215,55,,,,25200,,5688,,114,177,0.644067797,28.7,2.52,
MPG,Raimbault et al. 1995,ESP 335,France ,French Massif Central,Beauvoir,B1,Faciès B1,308,,70.22,0.010678254,17.21,0.149,,,,0.023,0.17,5.03,2.84,1.42,,,,,,,,,1.6,100.1,,1.48,0.66,1.52,,,140,345,64,,,,25300,,5300,,62.5,150,0.416666667,29.2,3.17,
MPG,Raimbault et al. 1995,ESP 445,France ,French Massif Central,Beauvoir,B2,Faciès B2,308,,68.31,0.011679341,17.48,0.214,,,,0.041,0.6,4.54,3.14,1.82,,,,,,,,,1.82,99.38,,1.46,0.62,1.61,,,245,716,70,,,,23300,,1235,,63,76.2,0.826771654,28.3,2.81,
MPG,Raimbault et al. 1995,ESP 508,France ,French Massif Central,Beauvoir,B2,Faciès B2,308,,69.23,0.009009777,17.478,0.193,,,,0.016,0.48,4.76,3.26,1.56,,,,,,,,,1.58,99.89,,1.43,0.65,1.54,,,96,636,54,,,,,,3793,,37.9,49.4,0.767206478,28.9,2.41,
MPG,Raimbault et al. 1995,ESP 518,France ,French Massif Central,Beauvoir,B2,Faciès B2,308,,69.13,0.007174452,18.01,0.11,,,,0.025,0.46,4.99,2.88,1.47,,,,,,,,,1.32,99.83,,1.48,0.63,1.59,,,152,705,43,,,,25300,,4173,,33,60.3,0.547263682,34.1,2.7,
MPG,Raimbault et al. 1995,ESP 522,France ,French Massif Central,Beauvoir,B2,Faciès B2,308,,69.51,0.005005432,17.27,0.177,,,,0.008,0.17,4.87,3.6,1.75,,,,,,,,,1.36,99.89,,1.41,0.69,1.45,,,47,796,30,,,,20400,,3633,,41.9,57.6,0.727430556,28,2,
MPG,Raimbault et al. 1995,ESP 562,France ,French Massif Central,Beauvoir,B2,Faciès B2,308,,68.81,0.013347818,17.36,0.283,,,,0.010,0.41,5.07,3.14,2.32,,,,,,,,,1.47,100.01,,1.39,0.68,1.48,,,63,646,80,,,,19800,,3256,,62.7,64.4,0.973602484,28.4,1.87,
MPG,Raimbault et al. 1995,ESP 633,France ,French Massif Central,Beauvoir,B'2,Faciès B2',308,,72.61,0.009677168,15.96,0.472,,,,0.007,0.27,4.52,3.66,1.06,,,,,,,,,1.08,100.59,,1.34,0.71,1.40,,,42,573,58,,,,16500,,2305,,48.5,39.2,1.237244898,19.4,1.12,
MPG,Raimbault et al. 1995,ESP 657,France ,French Massif Central,Beauvoir,B'2,Faciès B2',308,,71.69,0.00951032,15.81,0.502,,,,0.016,0.38,4.25,3.76,0.95,,,,,,,,,1.44,99.73,,1.35,0.70,1.43,,,97,605,57,,,,16400,,2192,,49.7,40,1.2425,17.6,1.56,
MPG,Raimbault et al. 1995,ESP 717,France ,French Massif Central,Beauvoir,B'2,Faciès B2',308,,71.65,0.010010863,15.96,0.606,,,,0.062,0.55,4.21,3.91,0.84,,,,,,,,,1.2,99.75,,1.31,0.70,1.43,,,372,648,60,,,,14100,,2292,,58.4,41.7,1.400479616,19.4,1.17,
MPG,Raimbault et al. 1995,ESP 751,France ,French Massif Central,Beauvoir,B3,Faciès B3,308,,69.32,0.007508148,17.34,0.265,,,,0.017,0.36,5.16,3.1,1.98,,,,,,,,,1.16,99.68,,1.39,0.68,1.46,,,101,618,45,,,,17200,,2603,,28,38.9,0.719794344,29.9,2.2,
MPG,Raimbault et al. 1995,ESP 771,France ,French Massif Central,Beauvoir,B3,Faciès B3,308,,69.55,0.012847275,16.68,0.49,,,,0.083,1.24,3.98,3.63,1.63,,,,,,,,,1.8,99.96,,1.31,0.63,1.59,,,500,717,77,,,,16600,,2127,,41.3,34.7,1.190201729,27.6,2.36,
MPG,Raimbault et al. 1995,ESP 786,France ,French Massif Central,Beauvoir,B3,Faciès B3,308,,69.94,0.015850534,16.61,0.429,,,,0.030,0.6,4.26,3.67,1.65,,,,,,,,,1.66,99.81,,1.38,0.66,1.51,,,179,722,95,,,,17100,,1950,,44.4,34.9,1.272206304,28.2,1.72,
MPG,Raimbault et al. 1995,EFP 16,France ,French Massif Central,Beauvoir,"B""",apatite-bearing aplitic veins,308,,69.91,0.009677168,16.85,0.356,,,,0.055,1.65,4.12,3.75,0.99,,,,,,,,,1.65,99.28,,1.22,0.64,1.55,,,329,396,58,,,,,,515,,75.6,40.2,1.880597015,14.5,0.9,
MPG,Raimbault et al. 1995,EFP 39,France ,French Massif Central,Beauvoir,"B""",apatite-bearing aplitic veins,308,,70.54,0.008342386,16.07,0.296,,,,0.048,1.62,4.36,4.46,1.07,,,,,,,,,1.65,100.07,,1.08,0.75,1.34,,,288,421,50,,,,,,442,,63.8,38.6,1.652849741,12,0.8,
MPG,Raimbault et al. 1995,E 11,France ,French Massif Central,Beauvoir,fringe,Highest unit of the beauvoir granite,308,,62.54,0.011846188,19.75,0.668,,,,0.068,2.14,5.99,1.88,2.57,,,,,,,,,2.96,98.5,,1.25,0.60,1.66,,,408,366,71,,,,,,2980,,135,394,0.342639594,19.7,5.8,
MPG,Raimbault et al. 1995,E10 21,France ,French Massif Central,Beauvoir,fringe,Highest unit of the beauvoir granite,308,,68.86,0.009009777,18.95,0.19,,,,0.025,0.07,5.15,2.77,0.27,,,,,,,,,1.44,97.7,,1.63,0.61,1.65,,,152,312,54,,,,,,3430,,147,447,0.32885906,29.4,3.6,
MPG,Raimbault et al. 1995,E10 87,France ,French Massif Central,Beauvoir,B1,Faciès B1,308,,70.2,0.009677168,17.77,0.659,,,,0.040,0.23,3.91,3.01,0.24,,,,,,,,,1.96,97.98,,1.76,0.55,1.83,,,241,585,58,,,,,,3869,,135,176,0.767045455,17.4,3.2,
MPG,Raimbault et al. 1995,E10 108,France ,French Massif Central,Beauvoir,B1,Faciès B1,308,,69.48,0.008842929,17.62,0.682,,,,0.082,1.14,2.49,3.24,0.98,,,,,,,,,2.7,98.33,,1.82,0.43,2.32,,,492,811,53,,,,,,3272,,107,234,0.457264957,25.5,3.4,
MPG,Raimbault et al. 1995,ES4 126,France ,French Massif Central,Beauvoir,apl,aplite?,308,,74.27,0.016517925,16.36,0.57,,,,0.186,0.24,1.87,4.36,0.13,,,,,,,,,2.2,100,,1.99,0.48,2.10,,,1122,536,99,,,,,,910,,139,141,0.985815603,24.7,1.4,
MPG,Raimbault et al. 1995,ES4 172,France ,French Massif Central,Beauvoir,rfds,feldspathic rock,308,,71.1,0.012013036,17.26,0.532,,,,0.033,0.1,5.91,2.36,0.05,,,,,,,,,1.15,98.46,,1.39,0.71,1.41,,,197,281,72,,,,,,598,,97.4,140,0.695714286,26.2,2.95,
MPG,Raimbault et al. 1995,ES4 194,France ,French Massif Central,Beauvoir,up.B1,upper part of B1 facies,308,,67.57,0.012013036,17.33,0.252,,,,0.029,0.28,4.71,3.3,1.16,,,,,,,,,1.72,96.32,,1.46,0.65,1.53,,,177,346,72,,,,,,4349,,135,246,0.548780488,23,6.1,
MPG,Raimbault et al. 1995,ES4 198,France ,French Massif Central,Beauvoir,up.B1,upper part of B1 facies,308,,69.68,0.01318097,17.17,0.349,,,,0.032,0.88,4.92,4.34,0.86,,,,,,,,,1.15,99.35,,1.19,0.75,1.34,,,195,432,79,,,,,,1193,,122,230,0.530434783,26,2,
MPG,Raimbault et al. 1995,ES5 97,France ,French Massif Central,Beauvoir,Cl,,308,,76.21,0.124134707,14.98,0.839,,,,0.215,0.59,3.71,3.91,0.33,,,,,,,,,1.06,101.63,,1.31,0.69,1.45,,,1294,120,744,,,,,,482,,20.4,5.15,3.961165049,58.5,2.05,
MPG,Raimbault et al. 1995,ES5 100,France ,French Massif Central,Beauvoir,rfds,feldspathic rock,308,,71.07,0.012346732,18,0.335,,,,0.044,0.07,5.92,3.04,0.21,,,,,,,,,1.36,100.22,,1.37,0.72,1.38,,,268,231,74,,,,3600,,989,,31.9,43.8,0.728310502,18.5,0.81,
MPG,Raimbault et al. 1995,ES5 102,France ,French Massif Central,Beauvoir,rfds,feldspathic rock,308,,69.06,0.016184229,17.69,0.4,,,,0.049,0.08,5.58,3.33,0.24,,,,,,,,,1.32,97.9,,1.37,0.72,1.38,,,297,295,97,,,,3400,,1148,,28.9,32.1,0.900311526,17,0.8,
MPG,Raimbault et al. 1995,ES5 110,France ,French Massif Central,Beauvoir,B1,Faciès B1,308,,67.06,0.008842929,19.37,0.269,,,,0.025,0.51,4.8,2.96,1,,,,,,,,,2.12,99.25,,1.61,0.57,1.74,,,148,462,53,,,,20000,,4151,,86.5,94.5,0.915343915,26.6,2.9,
MPG,Raimbault et al. 1995,S56 67,France ,French Massif Central,Beauvoir,B1,Faciès B1,308,,69.29,0.01101195,17.51,0.35,,,,0.024,0.41,4.34,3.12,0.86,,,,,,,,,1.86,97.74,,1.55,0.60,1.66,,,144,1064,66,,,,,,3657,,123,160,0.76875,22.3,2.6,
MPG,Raimbault et al. 1995,S57 55,France ,French Massif Central,Beauvoir,B1,Faciès B2,308,,67.36,0.009343473,17.4,0.365,,,,0.053,1.61,3.97,2.92,1.27,,,,,,,,,2.17,97.07,,1.38,0.56,1.80,,,321,259,56,,,,,,3249,,89,195,0.456410256,21.2,3.4,
MPG,Raimbault et al. 1995,S57 56,France ,French Massif Central,Beauvoir,B1,Faciès B3,308,,66.98,0.00951032,17.61,0.355,,,,0.065,0.79,4.06,3.53,1.11,,,,,,,,,2.18,96.61,,1.48,0.60,1.68,,,394,209,57,,,,,,2961,,99,188,0.526595745,28.1,3.6,
MPG,Raimbault et al. 1995,S58 58,France ,French Massif Central,Beauvoir,B1,Faciès B4,308,,69.68,0.009343473,17.08,0.683,,,,0.035,0.82,4.73,2.01,1.04,,,,,,,,,2.28,98.32,,1.49,0.58,1.72,,,214,334,56,,,,,,2616,,87,136,0.639705882,27.1,4.3,
MPG,Canosa et al. 2012,,Spain,Iberian Massif,Ponte Segade,Leucogranites sensu stricto,G2?,Late Carboniferous-Early Permian,,74.04,0.05,14.94,0.64,,,0.02,0.15,0.43,4.13,3.99,0.22,,,,,,,,,1.3,,,1.26,0.74,1.34,,,,,,,,,,,164,,8,2,4,29,1,29
MPG,Canosa et al. 2012,,Spain,Iberian Massif,Ponte Segade,Albite-rich leucogranites I,G2?,Late Carboniferous-Early Permian,,73.89,,15.47,0.48,,,0.04,0.03,0.19,5.24,3.34,0.2,,,,,,,,,0.99,,,1.23,0.79,1.26,,,,,,,,,,,95,,15,7,2.142857143,16,1,16
MPG,Canosa et al. 2012,,Spain,Iberian Massif,Ponte Segade,Albite-rich leucogranites II,G2?,Late Carboniferous-Early Permian,,72.91,,16.02,0.61,,,0.05,0.02,0.24,4.58,3.39,0.35,,,,,,,,,1.7,,,1.38,0.70,1.43,,,,,,,,,,,273,,15,7,2.142857143,16,2,8
MPG,Canosa et al. 2012,,Spain,Iberian Massif,Ponte Segade,Zoned pegmatites,G2?,Late Carboniferous-Early Permian,,70.54,0.04,15.38,0.04,,,1.1,0.02,0.05,0.77,9.5,0.01,,,,,,,,,0.1,,,1.32,0.75,1.33,,,,,,,,,,,185,,52,187,0.278074866,4,0.4,10
MPG,Canosa et al. 2012,,Spain,Iberian Massif,Ponte Segade,Banded pegmatites,G2?,Late Carboniferous-Early Permian,,76.77,0.41,13.37,0.01,,,1.1,,0.33,3.68,3.89,0.03,,,,,,,,,0.1,,,1.23,0.77,1.30,,,,,,,,,,,230,,15,9,1.666666667,13,2,6.5
MPG,Ram??rez and Grundvig 2000,JAL-26,Spain-Portugal,Iberian Massif,Jalama,porphyritic granite,G2?,300,,68.88,0.54,15.59,2.85,,,0.99,0.05,1.36,3.12,4.66,0.43,,,,,,,,,1.17,,,1.23,0.65,1.53,,,,,,,,,,,208,,22.5,7.1,3.169014085,124,3.6,34.44444444
MPG,Ram??rez and Grundvig 2000,JAL-89,Spain-Portugal,Iberian Massif,Jalama,porphyritic granite,G2?,300,,69.86,0.44,15.04,2.43,,,0.78,0.03,1,2.87,5.81,0.41,,,,,,,,,1.06,,,1.17,0.73,1.37,,,,,,,,,,,189,,15.1,2,7.55,110,3.4,32.35294118
MPG,Ram??rez and Grundvig 2000,JAL-93,Spain-Portugal,Iberian Massif,Jalama,porphyritic granite,G2?,300,,70.74,0.35,15.22,2.18,,,0.54,0.03,0.81,3.38,5.11,0.37,,,,,,,,,1.09,,,1.21,0.73,1.37,,,,,,,,,,,183,,13.3,2,6.65,99,3.1,31.93548387
MPG,Ram??rez and Grundvig 2000,JAL-54,Spain-Portugal,Iberian Massif,Jalama,porphyritic granite,G2?,300,,74.15,0.23,13.81,1.64,,,0.43,0.02,0.7,3.45,4.13,0.3,,,,,,,,,1.02,,,1.21,0.73,1.36,,,,,,,,,,,198,,15.7,6.2,2.532258065,58,1.9,30.52631579
MPG,Ram??rez and Grundvig 2000,JAL-110,Spain-Portugal,Iberian Massif,Jalama,equigranular granite,G2?,300,,71.21,0.3,15.22,1.89,,,0.53,0.02,0.58,2.96,5.18,0.44,,,,,,,,,1.41,,,1.32,0.69,1.45,,,,,,,,,,,170,,15.3,3.3,4.636363636,81,2.6,31.15384615
MPG,Ram??rez and Grundvig 2000,JAL-113,Spain-Portugal,Iberian Massif,Jalama,equigranular granite,G2?,300,,73.17,0.22,14.55,1.59,,,0.32,0.04,0.46,3.14,4.48,0.4,,,,,,,,,1.3,,,1.34,0.69,1.45,,,,,,,,,,,322,,14.4,3.2,4.5,64,2.4,26.66666667
MPG,Ram??rez and Grundvig 2000,JAL-117,Spain-Portugal,Iberian Massif,Jalama,Sillimanite monzogranite,G2?,300,,69.14,0.51,15.42,2.94,,,0.92,0.03,0.97,2.89,4.99,0.31,,,,,,,,,1.35,,,1.29,0.66,1.52,,,,,,,,,,,218,,15.6,1.5,10.4,164,4.7,34.89361702
MPG,Ram??rez and Grundvig 2000,JAL-60,Spain-Portugal,Iberian Massif,Jalama,Sillimanite monzogranite,G2?,300,,69.91,0.49,15.12,2.38,,,0.7,0.03,0.94,2.88,5.45,0.41,,,,,,,,,1.26,,,1.22,0.70,1.42,,,,,,,,,,,95,,21.4,5.6,3.821428571,188,5.3,35.47169811
MPG,Ram??rez and Grundvig 2000,JAL-62,Spain-Portugal,Iberian Massif,Jalama,Sillimanite monzogranite,G2?,300,,70.26,0.48,15.09,2.38,,,0.68,0.03,0.96,3.01,5.22,0.42,,,,,,,,,1.22,,,1.22,0.70,1.42,,,,,,,,,,,116,,21.9,4.7,4.659574468,179,5,35.8
MPG,Ram??rez and Grundvig 2000,JAL-99,Spain-Portugal,Iberian Massif,Jalama,Tourmaline leucogranite,G2?,300,,73.81,0.1,14.7,1.08,,,0.19,0.03,0.5,3.87,4.15,0.4,,,,,,,,,1.13,,,1.25,0.74,1.35,,,,,,,,,,,265,,14.6,3.7,3.945945946,39,1.6,24.375
MPG,Ram??rez and Grundvig 2000,JAL-43,Spain-Portugal,Iberian Massif,Jalama,Late leucogranite,G2?,300,,73.7,0.14,14.78,1.23,,,0.19,0.04,0.395,3.015,4.8,0.4,,,,,,,,,1.44,,,1.36,0.69,1.46,,,,,,,,,,,526.9,,28.33,6.17,4.591572123,49.04,1.57,31.23566879
MPG,Ram??rez and Grundvig 2000,JAL-108,Spain-Portugal,Iberian Massif,Jalama,Late leucogranite,G2?,300,,74.19,0.13,14.56,1.21,,,0.18,0.05,0.32,2.77,4.6,0.37,,,,,,,,,1.6,,,1.44,0.65,1.53,,,,,,,,,,,475,,26.7,7,3.814285714,58,2.1,27.61904762
MPG,Ram??rez and Grundvig 2000,JAL-41,Spain-Portugal,Iberian Massif,Jalama,Late leucogranite,G2?,300,,72.96,0.19,14.79,1.37,,,0.25,0.05,0.48,3.19,4.65,0.46,,,,,,,,,1.36,,,1.33,0.70,1.44,,,,,,,,,,,558,,27.6,7,3.942857143,82,2.3,35.65217391
MPG,Gloaguen 2006,BE3,Spain,Iberian Massif,Beariz (avion),2 micas,G1,Late Carboniferous-Early Permian,,72.74,0.22,15.03,1.82,,,0.065,0.45,1.1,3.63,4.4,0.26,,,,,,,,,0.98,,,1.18,0.71,1.40,,,,,,,,,,,,,15.48,5.36,2.888059701,96.4,2.92,33.01369863
MPG,Gloaguen 2006,BE20,Spain,Iberian Massif,Beariz (avion),2 micas,G1,Late Carboniferous-Early Permian,,72.09,0.21,14.96,1.75,,,0.062,0.44,1.12,3.63,4.32,0.24,,,,,,,,,0.99,,,1.18,0.71,1.40,,,,,,,,,,,,,14.96,5.11,2.927592955,91.4,2.76,33.11594203
MPG,Gloaguen 2006,PC2,Spain,Iberian Massif,BearizW,leuco Mu-Gt-Tur,G2,Late Carboniferous-Early Permian,,76.37,0.01,14.3,0.7,,,0.218,0.03,0.22,4.21,3.67,0.16,,,,,,,,,0.88,,,1.27,0.76,1.31,,,,,,,,,,,,,40.08,45.83,0.87453633,17.3,4.56,3.793859649
MPG,Gloaguen 2006,MA33,Spain,Iberian Massif,BearizE,leuco Mu-Gt-Tur,G2,Late Carboniferous-Early Permian,,74.26,0.01,15.07,0.63,,,0.06,0.01,0.23,4.48,3.89,0.3,,,,,,,,,1.01,,,1.26,0.77,1.30,,,,,,,,,,,,,32.91,39.5,0.833164557,19.4,1.66,11.68674699
MPG,Gloaguen 2006,FV9,Spain,Iberian Massif,Carballino,2 micas,G2,Late Carboniferous-Early Permian,,72.87,0.17,15.26,1.19,,,0.015,0.3,0.41,3.12,5.07,0.47,,,,,,,,,1.65,,,1.34,0.70,1.44,,,,,,,,,,,,,9.92,1.95,5.087179487,68.1,2.22,30.67567568
MPG,Gloaguen 2006,CE1,Spain,Iberian Massif,Carballino,2 micas,G2,Late Carboniferous-Early Permian,,72.64,0.22,15.07,1.34,,,0.025,0.34,0.66,3.11,4.97,0.41,,,,,,,,,1.37,,,1.29,0.70,1.44,,,,,,,,,,,,,7.35,2.35,3.127659574,114.7,3.41,33.63636364
MPG,Gloaguen 2006,PV1,Spain,Iberian Massif,boboras,2 micas,G3,Late Carboniferous-Early Permian,,71.77,0.23,15.66,1.69,,,0.035,0.61,1.55,4.17,3.04,0.17,,,,,,,,,0.9,,,1.21,0.65,1.54,,,,,,,,,,,,,7.71,1.25,6.168,91,2.65,34.33962264
MPG,Gloaguen 2006,BR10.1,Spain,Iberian Massif,boboras,2 micas,G3,Late Carboniferous-Early Permian,,71.67,0.24,15.67,1.81,,,0.036,0.68,1.47,4.06,3.58,0.18,,,,,,,,,1,,,1.18,0.67,1.48,,,,,,,,,,,,,7.12,1.21,5.884297521,82.5,2.4,34.375
MPG,Gloaguen 2006,XU9,Spain,Iberian Massif,boboras,2 micas,G3,Late Carboniferous-Early Permian,,73.42,0.21,14.92,1.6,,,0.036,0.54,1.35,4.03,3.26,0.16,,,,,,,,,0.76,,,1.18,0.68,1.47,,,,,,,,,,,,,7.4,1.4,5.285714286,71.5,2.15,33.25581395
MPG,Gloaguen 2006,BR02,Spain,Iberian Massif,boboras,2 micas,G3,Late Carboniferous-Early Permian,,72.47,0.19,15.39,1.69,,,0.03,0.53,1.28,4.44,2.84,0.2,,,,,,,,,0.93,,,1.21,0.67,1.48,,,,,,,,,,,,,7.15,1.66,4.307228916,81.9,2.34,35
MPG,Gloaguen 2006,BR04,Spain,Iberian Massif,boboras,2 micas,G3,Late Carboniferous-Early Permian,,70.91,0.32,15.76,2.71,,,0.05,0.92,1.1,5.13,2.16,0.21,,,,,,,,,0.97,,,1.23,0.68,1.46,,,,,,,,,,,,,12.4,3.6,3.444444444,82.4,2.24,36.78571429
MPG,Gloaguen 2006,Pi106,Spain,Iberian Massif,boboras,2 micas,G3,Late Carboniferous-Early Permian,,72.42,0.17,15.51,1.56,,,,0.4,1.41,4.18,3.01,0.14,,,,,,,,,0.98,,,1.22,0.65,1.53,,,,,,,,,,,,,7.2,1.49,4.832214765,80.2,2.49,32.20883534
MPG,Gloaguen 2006,IR1,Spain,Iberian Massif,Irixo,2 micas,G3,Late Carboniferous-Early Permian,,72.62,0.23,15.39,1.72,,,0.035,0.59,1.35,4.01,3.5,0.18,,,,,,,,,0.76,,,1.20,0.67,1.48,,,,,,,,,,,,,8.02,1.37,5.854014599,80.7,2.39,33.76569038
MPG,Bea et al. 1994,B-500,Spain,Iberian Massif,Pedrobernardo,lower zone,G2-G3?,295,,72.36,0.33,14.36,1.9639696,,,0.02,0.56,0.93,3.06,5.12,0.28,,,,,,,,,0.81,,,1.17,0.74,1.36,,,,,,,,,210,,55,,12,1.7,7.058823529,129,2.5,51.6
MPG,Bea et al. 1994,B-501,Spain,Iberian Massif,Pedrobernardo,lower zone,G2-G3?,295,,71.48,0.37,14.39,2.0229677,,,0.02,0.59,1.01,3.13,5.19,0.32,,,,,,,,,1.09,,,1.14,0.75,1.34,,,,,,,,,195,,59,,13.3,1.6,8.3125,132,2.7,48.88888889
MPG,Bea et al. 1994,B-502,Spain,Iberian Massif,Pedrobernardo,lower zone,G2-G3?,295,,71.62,0.34,14.22,2.0439696,,,0.02,0.57,0.96,3.11,5.14,0.29,,,,,,,,,0.93,,,1.14,0.75,1.33,,,,,,,,,208,,60,,11.5,1.9,6.052631579,101,2.6,38.84615385
MPG,Bea et al. 1994,B-503,Spain,Iberian Massif,Pedrobernardo,lower zone,G2-G3?,295,,72.8,0.33,14.04,1.7229677,,,0.02,0.51,0.77,3.1,5.28,0.36,,,,,,,,,0.96,,,1.15,0.77,1.30,,,,,,,,,193,,65,,12.3,1.6,7.6875,78,1.7,45.88235294
MPG,Bea et al. 1994,B-504,Spain,Iberian Massif,Pedrobernardo,middle zone,G2-G3?,295,,73.4,0.28,13.52,1.6679582,,,0.02,0.47,0.72,3.2,4.98,0.26,,,,,,,,,1.07,,,1.13,0.79,1.27,,,,,,,,,300,,72,,13.2,1.9,6.947368421,85,2.7,31.48148148
MPG,Bea et al. 1994,B-505,Spain,Iberian Massif,Pedrobernardo,middle zone,G2-G3?,295,,73.36,0.23,13.71,1.3379582,,,0.02,0.36,0.64,3.29,5.35,0.32,,,,,,,,,1.22,,,1.11,0.82,1.22,,,,,,,,,310,,67,,12.7,2.1,6.047619048,73,2.2,33.18181818
MPG,Bea et al. 1994,B-506,Spain,Iberian Massif,Pedrobernardo,middle zone,G2-G3?,295,,72.91,0.27,13.65,1.7019658,,,0.03,0.44,0.72,3.24,5.03,0.4,,,,,,,,,1.24,,,1.13,0.79,1.27,,,,,,,,,325,,69,,12.9,2.1,6.142857143,95,2.6,36.53846154
MPG,Bea et al. 1994,B-510,Spain,Iberian Massif,Pedrobernardo,middle zone,G2-G3?,295,,72.69,0.28,13.88,1.9839696,,,0.03,0.41,0.74,3.12,4.95,0.39,,,,,,,,,1.16,,,1.17,0.76,1.32,,,,,,,,,290,,74,,13.7,1.9,7.210526316,94,2.7,34.81481481
MPG,Bea et al. 1994,B-507,Spain,Iberian Massif,Pedrobernardo,upper zone,G2-G3?,295,,75.24,0.04,13.66,0.6769373,,,0.01,0.1,0.16,4.22,3.6,0.42,,,,,,,,,1.69,,,1.23,0.79,1.26,,,,,,,,,490,,156,,10.6,1.4,7.571428571,19,0.3,63.33333333
MPG,Bea et al. 1994,B-508,Spain,Iberian Massif,Pedrobernardo,upper zone,G2-G3?,295,,74.29,0.06,14.08,0.7649335,,,0.03,0.12,0.29,4.04,4.03,0.64,,,,,,,,,1.39,,,1.22,0.78,1.28,,,,,,,,,455,,144,,9.5,1.5,6.333333333,17,1.1,15.45454545
MPG,Bea et al. 1994,B-509,Spain,Iberian Massif,Pedrobernardo,upper zone,G2-G3?,295,,76.01,0.04,13.35,0.6069563,,,0.02,0.07,0.14,4.03,4.1,0.51,,,,,,,,,1.39,,,1.18,0.83,1.21,,,,,,,,,503,,218,,12.7,3.4,3.735294118,12,0.4,30
MPG,Neiva 2002,1a,Portugal,Iberian Massif,S. Mamede de Ribatua;,unaltered fine- to medium-grained porphyritic muscovite biotite granite,unalt fine- med-grained porphyr Ms-Bt ,Late Carboniferous-Early Permian,,72.33,0.23,15.22,,0.34,1.08,0.02,0.12,0.65,3.73,4.94,0.35,,,,0.06,,0.91,0.16,,,,,1.20,0.75,1.33,,,,,,,,,,,195,,25,6,4.166666667,108,,
MPG,Neiva 2002,2a,Portugal,Iberian Massif,Panasqueira,fine- to medium-grained porphyritic two-mica granite,unalt fine- med-grained porphyr Ms-Bt ,Late Carboniferous-Early Permian,,73.41,0.2,14.4,,0.28,1.33,0.05,0.44,0.49,3.02,4.58,0.37,,,,,,1.3,0.15,,,,,1.33,0.69,1.45,,,,,,300,,,3421,,237,,23,4,5.75,85,,
MPG,Chicharro et al. 2016,AQ1,Spain,Iberian Massif,Logrosán,Main Unit,,308,,72.46,0.18,14.43,,,1.25,0.02,0.28,0.59,3.68,4.46,0.5,,,,,,,,,1.33,99.16,,1.21,0.75,1.33,,,,,,,,,,,,,8.7,2.26,3.85,76,2.2,34.5
MPG,Chicharro et al. 2016,AQ2,Spain,Iberian Massif,Logrosán,Main Unit,,308,,72.26,0.23,14.76,,,1.71,0.02,0.33,0.45,2.67,4.75,0.47,,,,,,,,,2.55,100.2,,1.43,0.65,1.55,,,,,,,,,2003,,289.7,,11.7,3.08,3.80,80,2.4,33.3
MPG,Chicharro et al. 2016,AQ4,Spain,Iberian Massif,Logrosán,Main Unit,,308,,72.53,0.27,15.24,,,1.33,0.02,0.38,0.69,3.31,4.88,0.57,,,,,,,,,1.62,100.8,,1.27,0.70,1.42,,,,,,,,,1611,,303,,10.1,2.5,4.04,118,3,39.3
MPG,Chicharro et al. 2016,AQ6,Spain,Iberian Massif,Logrosán,Main Unit,,308,,73.93,0.1,15.14,,,0.82,0.02,0.16,0.5,3.87,4.19,0.57,,,,,,,,,1.51,100.8,,1.28,0.72,1.39,,,,,,,,,1150,,141.4,,13.6,4.76,2.86,43,1.5,28.7
MPG,Chicharro et al. 2016,AQ13,Spain,Iberian Massif,Logrosán,Main Unit,,308,,73.12,0.21,14.92,,,1.37,0.02,0.33,0.54,3.31,4.42,0.49,,,,,,,,,1.47,100.2,,1.33,0.69,1.46,,,,,,,,,,,,,11.4,3.73,3.06,82,2.6,31.5
MPG,Chicharro et al. 2016,AQ14,Spain,Iberian Massif,Logrosán,Main Unit,,308,,74.03,0.17,14.94,,,1.14,0.02,0.24,0.51,3.42,4.53,0.46,,,,,,,,,1.08,100.5,,1.30,0.70,1.42,,,,,,,,,,,,,9,1.97,4.57,77,2.5,30.8
MPG,Chicharro et al. 2016,AQ5,Spain,Iberian Massif,Logrosán,Evolved Units,,308,,72.94,0.17,15.3,,,0.78,0.01,0.22,0.46,3.27,4.83,0.54,,,,,,,,,1.95,100.5,,1.34,0.69,1.44,,,,,,,,,1053,,209.6,,9.6,1.98,4.85,74,2.5,29.6
MPG,Chicharro et al. 2016,AQ11,Spain,Iberian Massif,Logrosán,Evolved Units,,308,,72.73,0.13,14.42,,,1.45,0.02,0.22,0.25,2.95,4.35,0.51,,,,,,,,,1.98,99,,1.44,0.66,1.51,,,,,,,,,,,,,15.9,4,3.98,60,1.7,35.3
MPG,Chicharro et al. 2016,AQ12,Spain,Iberian Massif,Logrosán,Evolved Units,,308,,74.01,0.15,14.83,,,1.17,0.02,0.26,0.46,2.95,4.63,0.55,,,,,,,,,1.74,100.8,,1.39,0.67,1.50,,,,,,,,,,,,,11.1,2.3,4.83,62,2.1,29.5
MPG,López-Moro et al. 2017,D05530,Spain,Iberian Massif,Penouta,1,leucogranite,Late Carboniferous,,76.1,,14.3,0.93,,,0.03,0.03,0.11,4.43,3.48,0.05,,,,,,,,,,99.46,,1.27,0.77,1.29,,,,,,,,,,,,,72,46.2,1.558441558,27,5.5,4.9
MPG,López-Moro et al. 2017,D06053,Spain,Iberian Massif,Penouta,1,leucogranite,Late Carboniferous,,75.4,,14.25,1.12,,,0.03,0.03,0.13,4.33,3.83,0.04,,,,,,,,,,99.16,,1.24,0.79,1.26,,,,,,,,,,,,,49.1,20,2.455,27,4.7,5.7
MPG,López-Moro et al. 2017,D05007,Spain,Iberian Massif,Penouta,2,leucogranite,Late Carboniferous,,76,0.005,15.25,0.78,,,0.03,0.03,0.1,5.26,3.6,0.02,,,,,,,,,,101.08,,1.20,0.82,1.22,,,,,,,,,,,,,75.3,65.1,1.156682028,28,6.4,4.4
MPG,López-Moro et al. 2017,D05249,Spain,Iberian Massif,Penouta,2,leucogranite,Late Carboniferous,,77.1,0.005,15,0.84,,,0.05,0.02,0.13,4.98,4.07,0.04,,,,,,,,,,102.24,,1.17,0.84,1.19,,,,,,,,,,,,,71,40.7,1.744471744,25,5.5,4.5
MPG,López-Moro et al. 2017,D05255,Spain,Iberian Massif,Penouta,2,leucogranite,Late Carboniferous,,75.8,0.005,15.45,0.95,,,0.04,0.02,0.14,5.99,3.39,0.04,,,,,,,,,,101.83,,1.12,0.88,1.14,,,,,,,,,,,,,68.7,38,1.807894737,30,6.2,4.8
MPG,López-Moro et al. 2017,D02666,Spain,Iberian Massif,Penouta,3,leucogranite,Late Carboniferous,,72.2,,15.9,0.32,,,0.02,0.03,0.16,6.67,3.43,0.06,,,,,,,,,0.81,99.6,,1.06,0.92,1.08,,,,,,,,,,,,,80,130,0.615384615,20,8.1,2.5
MPG,López-Moro et al. 2017,D02744,Spain,Iberian Massif,Penouta,3,leucogranite,Late Carboniferous,,74.9,,15.9,0.4,,,0.04,0.02,0.14,6.31,3.49,0.06,,,,,,,,,0.68,101.26,,1.10,0.89,1.12,,,,,,,,,,,,,52.8,95.6,0.552301255,22,7.1,3.1
MPG,López-Moro et al. 2017,D02944,Spain,Iberian Massif,Penouta,3,leucogranite,Late Carboniferous,,75,,15.25,0.45,,,0.03,0.03,0.13,5.72,3.58,0.05,,,,,,,,,0.64,100.88,,1.13,0.87,1.15,,,,,,,,,,,,,55.2,39.3,1.404580153,17,5.3,3.2
MPG,López-Moro et al. 2017,D02972,Spain,Iberian Massif,Penouta,4,leucogranite,Late Carboniferous,,70.8,,16.6,0.55,,,0.02,0.03,0.14,6.3,3.55,0.07,,,,,,,,,,98.06,,1.15,0.86,1.17,,,,,,,,,,,,,88.6,158.5,0.558990536,13,7.8,1.7
MPG,López-Moro et al. 2017,D02990,Spain,Iberian Massif,Penouta,4,leucogranite,Late Carboniferous,,76.4,,15.25,0.78,,,0.04,0.01,0.14,5.51,3.35,0.06,,,,,,,,,,101.54,,1.18,0.83,1.20,,,,,,,,,,,,,68.6,99.7,0.688064193,15,7.3,2.1
MPG,López-Moro et al. 2017,D03290,Spain,Iberian Massif,Penouta,4,leucogranite,Late Carboniferous,,73.8,,15.6,0.66,,,0.14,0.02,0.15,6.22,3.36,0.06,,,,,,,,,,100.01,,1.10,0.89,1.12,,,,,,,,,,,,,65.2,87.3,0.746849943,20,7.5,2.7
MPG,Müller et al. 2006,CW12,United Kingdom,Cornwall,Land's end,Fine-grained porphyritic Granite,,295-275,,65.79,0.97,15.5,,1.6,3.84,0.08,1.32,1.89,3.45,3.46,0.39,,,,,,,,,1.18,99.9,,1.21,0.61,1.65,,,,,,130,,,6200,500,120,,26,1.94,13.40206186,378,9.14,
MPG,Müller et al. 2006,CW25,United Kingdom,Cornwall,Land's end,Fine-grained porphyritic Granite,,295-275,,72.67,0.34,14,,0.56,1.59,0.03,0.48,0.81,2.8,5.24,0.24,,,,,,,,,0.98,99.9,,1.19,0.73,1.36,,,,,,220,,50,2000,400,60,,21,2.75,7.636363636,138,3.97,
MPG,Müller et al. 2006,CW20,United Kingdom,Cornwall,Land's end,Coarse-grained porphyritic Granite,,295-275,,71.24,0.35,14.77,,0.57,1.66,0.04,0.44,0.76,2.77,6.03,0.28,,,,,,,,,0.86,99.9,,1.18,0.75,1.33,,,,,,160,,40,2200,500,80,,23,2.94,7.823129252,180,4.87,
MPG,Müller et al. 2006,CW04,United Kingdom,Cornwall,Land's end,Flow banded coarse-grained porphyritic Granite,,295-275,,68.85,0.74,16.45,,1.82,1.45,0.04,0.38,0.51,3.47,4.58,0.32,,,,,,,,,1.17,100,,1.42,0.65,1.54,,,,,,240,,,2200,300,80,,71,12.15,5.843621399,308,9.55,
MPG,Müller et al. 2006,CW67,United Kingdom,Cornwall,Land's end,Ablbite microgranite,,295-275,,75.29,0.04,14.84,,0.59,0.43,0.02,0.1,1.3,5.45,0.95,0.23,,,,,,,,,0.61,99.9,,1.20,0.67,1.48,,,,,,50,,200,300,100,40,,27,12.6,2.142857143,40,2.05,
MPG,Müller et al. 2006,CW37,United Kingdom,Cornwall,Land's end,Porphyritic Pelitras granite,,295-275,,73.71,0.29,13.94,,1.03,0.79,0.03,0.35,0.58,2.55,5.55,0.25,,,,,,,,,0.77,99.9,,1.24,0.73,1.37,,,,,,290,,500,900,400,60,,21,4.13,5.084745763,120,3.53,
MPG,Müller et al. 2006,CW34,United Kingdom,Cornwall,Land's end,Pelitras tourmaline granite,,295-275,,75.52,0.1,13.42,,0.97,0.36,0.01,,0.29,2.5,5.84,0.16,,,,,,,,,0.8,100.1,,1.22,0.78,1.29,,,,,,750,,600,1100,100,60,,21,4.33,4.849884527,36,1.51,
MPG,Müller et al. 2006,CW44,United Kingdom,Cornwall,Land's end,Li-siderophyllite granite,,295-275,,73.74,0.24,13.94,,0.84,1.3,0.03,0.3,0.68,2.44,4.69,0.26,,,,,,,,,1.28,100.1,,1.35,0.65,1.53,,,,,,430,,200,5000,400,100,,31,6.5,4.769230769,101,3.18,
MPG,Müller et al. 2006,CW32,United Kingdom,Cornwall,Land's end,Li-siderophyllite granite,,295-275,,75.46,0.15,13.45,,0.94,0.65,0.02,0.18,0.42,2.62,4.96,0.23,,,,,,,,,0.81,100,,1.29,0.72,1.39,,,,,,140,,,2500,200,80,,23,5.97,3.852596315,66,2.27,
MPG,Müller et al. 2006,CW68,United Kingdom,Cornwall,Land's end,Tourmaline granite,,295-275,,73.88,0.1,14.07,,0.36,0.36,0.01,0.05,0.38,2.85,7.1,0.25,,,,,,,,,0.57,100,,1.08,0.88,1.14,,,,,,50,,100,400,300,30,,27,7.5,3.6,51,2.19,
MPG,Müller et al. 2006,CW71,United Kingdom,Cornwall,Land's end,Tourmaline granite,,295-275,,75.91,0.16,13.98,,1.49,0.36,0.02,0.26,0.64,5.75,0.4,0.35,,,,,,,,,0.55,100,,1.26,0.71,1.41,,,,,,190,,,900,100,25,,11,3.41,3.225806452,38,1.54,
MPG,Müller et al. 2006,CW01,United Kingdom,Cornwall,Land's end,Tourmaline granite,,295-275,,74.08,0.08,14.22,,2.72,0.58,0.03,0.08,0.49,0.56,5.89,0.38,,,,,,,,,0.63,99.9,,1.74,0.51,1.95,,,,,,80,,,2000,100,50,,29,8.78,3.302961276,38,1.53,
MPG,Müller et al. 2006,CW03,United Kingdom,Cornwall,Land's end,Contact tourmaline granite/massive quartz-tourmaline rock,,295-275,,77.39,0.08,12.1,,2.71,0.5,0.02,0.16,0.47,0.43,4.94,0.32,,,,,,,,,0.69,99.9,,1.75,0.50,2.00,,,,,,80,,,1700,200,50,,37,9.94,3.722334004,39,1.64,
MPG,Chappell and Hine 2006,DG1 ,United Kingdom,Cornwall,Dartmoor,Biotite granite,,295-275,,71.14,0.42,13.85,,0.23,2.48,0.08,0.64,1.48,3,4.78,0.23,,,,,,0.94,,0.15,,99.81,,1.08,0.73,1.37,,,,,,20,,150,1600,520,230,,17,4.2,4.047619048,148,4.4,33.63636364
MPG,Chappell and Hine 2006,GPE4 ,United Kingdom,Cornwall,Dartmoor,Biotite granite,,295-275,,72.4,0.3,13.83,,0.23,1.79,0.06,0.57,1.17,3.13,4.57,0.18,,,,,,0.92,,0.31,,99.89,,1.13,0.73,1.37,,,,,,10,,220,1800,600,280,,16,4.7,3.404255319,139,4,34.75
MPG,Chappell and Hine 2006,GPE3 ,United Kingdom,Cornwall,Dartmoor,Biotite granite,,295-275,,73.01,0.26,13.7,,0.17,1.69,0.07,0.44,0.75,2.99,5.03,0.19,,,,,,1.01,,0.21,,99.8,,1.17,0.76,1.32,,,,,,15,,50,1000,330,240,,17.5,4.3,4.069767442,110,3.2,34.375
MPG,Chappell and Hine 2006,DG2 ,United Kingdom,Cornwall,Dartmoor,Biotite granite,,295-275,,73.69,0.22,13.63,,0.16,1.62,0.08,0.4,0.54,2.98,5.01,0.18,,,,,,1.22,,0.17,,100.14,,1.21,0.76,1.32,,,,,,40,,70,600,290,160,,17,4.5,3.777777778,96,2.8,34.28571429
MPG,Chappell and Hine 2006,GPE1 ,United Kingdom,Cornwall,Dartmoor,Biotite granite,,295-275,,74.08,0.18,13.35,,0.33,1.41,0.08,0.25,0.51,3.01,4.94,0.21,,,,,,0.92,,0.29,,100.16,,1.19,0.77,1.30,,,,,,10,,530,2600,400,470,,17,5.8,2.931034483,95,3.1,30.64516129
MPG,Chappell and Hine 2006,GPE2 ,United Kingdom,Cornwall,Dartmoor,Biotite granite,,295-275,,74.02,0.21,13.35,,0.48,1.41,0.07,0.3,0.6,2.96,4.89,0.21,,,,,,0.85,,0.37,,100.37,,1.19,0.76,1.31,,,,,,10,,710,2500,420,450,,18,7.1,2.535211268,112,3.3,33.93939394
MPG,Chappell and Hine 2006,DG3 ,United Kingdom,Cornwall,Dartmoor,Biotite granite,,295-275,,73.84,0.17,13.23,,0.31,1.41,0.07,0.27,0.44,2.74,5.22,0.21,,,,,,0.98,,0.39,,99.95,,1.21,0.77,1.30,,,,,,10,,670,2800,420,520,,17.5,7,2.5,92,3,30.66666667
MPG,Chappell and Hine 2006,GPE7 ,United Kingdom,Cornwall,Bodmin Moor,Biotite granite,,295-275,,71.79,0.23,14.88,,0.16,1.37,0.04,0.42,0.88,2.73,5.34,0.27,,,,,,1.3,,0.35,,100.25,,1.25,0.69,1.45,,,,,,,,270,2900,100,330,,11,3.1,3.548387097,105,3,35
MPG,Chappell and Hine 2006,GPE6 ,United Kingdom,Cornwall,Bodmin Moor,Biotite granite,,295-275,,71.41,0.22,15.22,,0.21,1.22,0.05,0.41,0.89,3.1,4.96,0.29,,,,,,1.18,,0.33,,99.97,,1.26,0.69,1.45,,,,,,10,,230,2800,80,400,,12.5,3.5,3.571428571,113,3.2,35.3125
MPG,Chappell and Hine 2006,GPE5 ,United Kingdom,Cornwall,Bodmin Moor,Biotite granite,,295-275,,72.28,0.19,14.54,,0.31,0.97,0.05,0.27,0.74,2.84,5.19,0.29,,,,,,1.15,,0.43,,99.87,,1.25,0.71,1.41,,,,,,10,,420,3900,95,490,,14.5,4.5,3.222222222,92,2.8,32.85714286
MPG,Chappell and Hine 2006,GPE9 ,United Kingdom,Cornwall,St Austell,Biotite granite,,295-275,,72.04,0.32,14.08,,0.12,1.92,0.06,0.49,0.99,2.88,4.9,0.25,,,,,,1.01,,0.31,,99.82,,1.19,0.71,1.40,,,,,,20,,210,2400,360,280,,19,3.8,5,145,4,36.25
MPG,Chappell and Hine 2006,GPE10 ,United Kingdom,Cornwall,St Austell,Biotite granite,,295-275,,72.32,0.22,14.43,,0.28,1.33,0.04,0.36,0.68,2.95,5.21,0.28,,,,,,0.96,,0.32,,99.95,,1.23,0.73,1.38,,,,,,15,,500,2500,390,380,,19,5.1,3.725490196,98,3,32.66666667
MPG,Chappell and Hine 2006,GPE11 ,United Kingdom,Cornwall,Carnmenelis,Biotite granite,,295-275,,71.23,0.25,15.18,,0.3,1.32,0.04,0.49,0.99,3.01,5.03,0.24,,,,,,1.35,,0.28,,100.13,,1.24,0.68,1.46,,,,,,15,,200,2200,170,310,,10,2.5,4,110,3.2,34.375
MPG,Chappell and Hine 2006,GPE16 ,United Kingdom,Cornwall,Carnmenelis,Biotite granite,,295-275,,70.99,0.28,15.15,,0.21,1.53,0.04,0.51,0.98,2.98,5.08,0.26,,,,,,1.15,,0.17,,99.8,,1.24,0.69,1.46,,,,,,15,,230,2400,130,380,,12,2.9,4.137931034,121,3.4,35.58823529
MPG,Chappell and Hine 2006,GPE14 ,United Kingdom,Cornwall,Carnmenelis,Biotite granite,,295-275,,72.3,0.27,14.48,,0.12,1.54,0.04,0.48,0.99,3.02,4.7,0.24,,,,,,1.03,,0.32,,99.98,,1.22,0.69,1.44,,,,,,50,,230,2300,150,370,,11.5,3.1,3.709677419,113,3.3,34.24242424
MPG,Chappell and Hine 2006,GPE12 ,United Kingdom,Cornwall,Carnmenelis,Biotite granite,,295-275,,70.86,0.25,15.44,,0.19,1.44,0.04,0.47,0.96,3.13,5.1,0.25,,,,,,1.25,,0.34,,100.19,,1.24,0.69,1.45,,,,,,15,,250,2300,150,390,,13,3.4,3.823529412,113,3.3,34.24242424
MPG,Chappell and Hine 2006,GPE15 ,United Kingdom,Cornwall,Carnmenelis,Biotite granite,,295-275,,72.31,0.24,14.82,,0.14,1.38,0.04,0.44,0.88,3.05,4.85,0.23,,,,,,0.98,,0.34,,100.21,,1.25,0.69,1.44,,,,,,15,,290,2800,140,430,,12,3.6,3.333333333,104,2.9,35.86206897
MPG,Chappell and Hine 2006,GPE17 ,United Kingdom,Cornwall,Carnmenelis,Biotite granite,,295-275,,70.84,0.25,15.44,,0.25,1.42,0.04,0.52,0.91,3.16,5.11,0.25,,,,,,1.25,,0.07,,99.97,,1.25,0.69,1.44,,,,,,10,,230,2500,110,370,,12.5,2.9,4.310344828,110,3.1,35.48387097
MPG,Chappell and Hine 2006,GPE13 ,United Kingdom,Cornwall,Carnmenelis,Biotite granite,,295-275,,71.74,0.21,14.99,,0.21,1.25,0.04,0.4,0.83,3.11,5.05,0.23,,,,,,1.13,,0.33,,100.01,,1.24,0.71,1.42,,,,,,15,,260,2700,100,430,,13,3.3,3.939393939,99,2.9,34.13793103
MPG,Chappell and Hine 2006,LE1 ,United Kingdom,Cornwall,Ch-Land's End,Biotite granite,,295-275,,70.46,0.38,14.81,,0.32,2.19,0.07,0.65,0.85,2.52,5.57,0.29,,,,,,1.44,,0.12,,100.15,,1.26,0.69,1.46,,,,,,20,,220,2400,570,200,,19,3.8,5,169,4.6,36.73913043
MPG,Chappell and Hine 2006,GPE19 ,United Kingdom,Cornwall,Land's End,Biotite granite,,295-275,,70.24,0.38,14.92,,0.16,2.35,0.05,0.71,0.88,2.67,5.43,0.29,,,,,,1.27,,0.01,,99.83,,1.26,0.69,1.45,,,,,,15,,190,2300,550,260,,18.5,5.2,3.557692308,163,4.4,37.04545455
MPG,Chappell and Hine 2006,LE4 ,United Kingdom,Cornwall,Land's End,Biotite granite,,295-275,,70.31,0.35,14.72,,0.31,2.07,0.05,0.61,0.85,2.65,5.4,0.28,,,,,,1.37,,0.32,,99.8,,1.25,0.69,1.44,,,,,,15,,370,2400,470,190,,19,4.7,4.042553191,152,4.2,36.19047619
MPG,Chappell and Hine 2006,LE3 ,United Kingdom,Cornwall,Land's End,Biotite granite,,295-275,,71.11,0.29,14.75,,0.47,1.53,0.03,0.46,0.8,2.61,5.69,0.3,,,,,,1.3,,0.23,,100.17,,1.24,0.71,1.41,,,,,,15,,620,2600,520,200,,20.5,4.2,4.880952381,140,3.9,35.8974359
MPG,Chappell and Hine 2006,GPE20 ,United Kingdom,Cornwall,Land's End,Biotite granite,,295-275,,73.23,0.15,14.13,,0.52,0.77,0.02,0.22,0.65,2.69,5.24,0.31,,,,,,1.1,,0.02,,99.98,,1.25,0.71,1.40,,,,,,5,,910,6200,510,450,,26,8.8,2.954545455,66,2.1,31.42857143
MPG,Chappell and Hine 2006,LE2 ,United Kingdom,Cornwall,Land's End,Biotite granite,,295-275,,72.21,0.16,14.67,,0.32,1.15,0.07,0.32,0.64,3.05,4.99,0.27,,,,,,1.2,,0.21,,99.84,,1.27,0.71,1.41,,,,,,5,,550,2500,500,410,,20,5.3,3.773584906,68,2.1,32.38095238
MPG,Chappell and Hine 2006,GPE18 ,United Kingdom,Cornwall,Land's End,Biotite granite,,295-275,,72.5,0.16,14.92,,0.39,0.98,0.03,0.35,0.51,2.98,5.19,0.28,,,,,,1.32,,0.01,,100.11,,1.30,0.71,1.42,,,,,,25,,580,1600,320,260,,19.5,5.4,3.611111111,69,2.1,32.85714286
MPG,Breiter 2012,4742,Central Europe,Erzgebirge,,S,"porphyritic biotite granite of OIC-S, Dragon rock, Nejdek pluton",Late Carboniferous-Early Permian,,71.47,0.44,14.2,,0.27,2.03,0.05,0.87,1.42,3.52,4.36,0.22,,,,,,0.17,,,0.97,100.08,,1.08,0.74,1.35,,,,,,,,,600,,106.9,,16,2.2,7.272727273,184,4.7,39.14893617
MPG,Breiter 2012,4744,Central Europe,Erzgebirge,,S,"porphyritic fine-grained YIC-carapace granite, White rock, Nejdek pluton;",Late Carboniferous-Early Permian,,74.75,0.22,13.27,,0.36,1.3,0.03,0.26,0.78,3.12,5.02,0.2,,,,,,0.12,,,0.85,100.41,,1.11,0.80,1.26,,,,,,,,,1300,,190.5,,16,2.5,6.4,140,4.5,31.11111111
MPG,Breiter 2012,4745,Central Europe,Erzgebirge,,S,"coarse-grained AbBtToz YIC-S granite, ?erná-valey, Horní Blatná body",Late Carboniferous-Early Permian,,72.52,0.06,14.95,,0.24,1.05,0.03,0.08,0.39,3.76,4.62,0.44,,,,,,0.04,,,0.85,99.65,,1.26,0.75,1.34,,,,,,,,,8000,,534.3,,29,7.8,3.717948718,54,2.3,23.47826087
MPG,Breiter 2012,3414,Central Europe,Erzgebirge,,S,"fine-grained AbZinwToz YIC-S granite, Podlesí",Late Carboniferous-Early Permian,,70.66,0.02,15.89,,0.17,0.82,0.03,0.08,0.28,4.1,3.8,0.86,,,,,,0.1,,,1.06,99.6,,1.40,0.68,1.46,,,,,,,,,18200,,2007.0,,84,54,1.555555556,29,3.1,9.35483871
MPG,Breiter 2012,3219,Central Europe,Kruné hory/Erzgebirge,,S,basal rhyolite lava,Late Carboniferous-Early Permian,,72.71,0.29,14.27,,0.32,1.31,0.03,0.74,0.92,2.42,4.69,0.08,,,,,,1.4,0.17,0.12,,99.6,,1.33,0.63,1.58,,,,,,,,,600,,27.9,,10,1.1,9.090909091,116,3.7,31.35135135
MPG,Förster et al. 1999,524,Central Europe,Erzgebirge,Bergen,Two mica granite,BRG1 ,Late Carboniferous-Early Permian,,70.6,0.37,14.6,2.25,,,0.046,0.82,1.11,3.58,4.93,0.25,,,,,,1.15,,0.21,,,,1.10,0.77,1.30,,,,,,,,,920,,111,,16,2.2,7.272727273,169,4.5,37.55555556
MPG,Förster et al. 1999,824,Central Europe,Erzgebirge,Bergen,Two mica granite,BRG1 ,Late Carboniferous-Early Permian,,71.5,0.33,14.5,2.04,,,0.045,0.68,1.1,3.01,5.47,0.24,,,,,,0.91,,0.32,,,,1.13,0.75,1.33,,,,,,,,,850,,94,,16,1.9,8.421052632,163,4.64,35.12931034
MPG,Förster et al. 1999,780,Central Europe,Erzgebirge,Bergen,Two mica granite,BRG2 ,Late Carboniferous-Early Permian,,74.4,0.18,14,1.29,,,0.058,0.34,0.57,3.5,4.39,0.16,,,,,,0.82,,0.16,,,,1.21,0.75,1.33,,,,,,,,,890,,204,,20,4.2,4.761904762,89,2.85,31.22807018
MPG,Förster et al. 1999,1085,Central Europe,Erzgebirge,Bergen,Two mica granite,BRG2 ,Late Carboniferous-Early Permian,,74.8,0.15,14,0.93,,,0.03,0.28,0.49,3.91,4.49,0.18,,,,,,0.69,,0.07,,,,1.15,0.81,1.24,,,,,,,,,780,,86,,22,6.4,3.4375,72,2.38,30.25210084
MPG,Förster et al. 1999,523,Central Europe,Erzgebirge,Bergen,Two mica granite,BRG3 ,Late Carboniferous-Early Permian,,75.8,0.089,13.5,0.8,,,0.057,0.2,0.37,3.41,4.44,0.15,,,,,,0.84,,0.11,,,,1.22,0.77,1.30,,,,,,,,,1200,,160,,20,6.3,3.174603175,42,1.83,22.95081967
MPG,Förster et al. 1999,1089,Central Europe,Erzgebirge,Bergen,Two mica granite,BRG3 ,Late Carboniferous-Early Permian,,75.3,0.084,13.7,0.86,,,0.058,0.15,0.41,3.88,4.33,0.16,,,,,,0.76,,0.05,,,,1.16,0.81,1.24,,,,,,,,,1320,,184,,23,5.7,4.035087719,37,1.67,22.15568862
MPG,Förster et al. 1999,776,Central Europe,Erzgebirge,Bergen,Two mica granite,BRG3p ,Late Carboniferous-Early Permian,,75.5,0.065,14,0.71,,,0.059,0.13,0.37,3.79,4.11,0.21,,,,,,0.82,,0.17,,,,1.23,0.76,1.31,,,,,,,,,1720,,384,,27,6.3,4.285714286,27,1.61,16.77018634
MPG,Förster et al. 1999,521,Central Europe,Erzgebirge,Bergen,Two mica granite,BRG3p ,Late Carboniferous-Early Permian,,75.3,0.058,14.2,0.7,,,0.054,0.13,0.34,3.65,4.22,0.2,,,,,,0.81,,0.19,,,,1.27,0.74,1.34,,,,,,,,,1620,,294,,25,7.6,3.289473684,27,1.6,16.875
MPG,Förster et al. 1999,779,Central Europe,Erzgebirge,Bergen,Two mica granite,A-BRG1 ,Late Carboniferous-Early Permian,,74.9,0.045,14.6,0.91,,,0.032,0.025,0.39,3.97,3.86,0.33,,,,,,0.76,,0.14,,,,1.28,0.73,1.36,,,,,,,,,1240,,143,,43,16,2.6875,25,1.83,13.66120219
MPG,Förster et al. 1999,1069,Central Europe,Erzgebirge,Bergen,Two mica granite,A-BRG1,Late Carboniferous-Early Permian,,74.3,0.035,14.6,0.73,,,0.047,0.045,0.5,4.25,3.8,0.53,,,,,,0.73,,0.15,,,,1.22,0.76,1.31,,,,,,,,,1500,,138,,54,20,2.7,21,1.83,11.47540984
MPG,Förster et al. 1999,504,Central Europe,Erzgebirge,Eibenstock,Li-mica granite,EIB0 ,Late Carboniferous-Early Permian,,72.4,0.24,14,2.46,,,0.044,0.28,0.69,3.32,4.84,0.25,,,,,,1.02,,0.14,,,,1.17,0.76,1.31,,,,,,,,,3380,,405,,19,2.7,7.037037037,149,4.35,34.25287356
MPG,Förster et al. 1999,821,Central Europe,Erzgebirge,Eibenstock,Li-mica granite,EIB0 ,Late Carboniferous-Early Permian,,74.3,0.17,13.3,1.76,,,0.024,0.24,0.44,3.06,4.78,0.25,,,,,,1.01,,0.22,,,,1.21,0.77,1.30,,,,,,,,,2100,,163,,18,3.8,4.736842105,113,3.4,33.23529412
MPG,Förster et al. 1999,820,Central Europe,Erzgebirge,Eibenstock,Li-mica granite,EIB1 ,Late Carboniferous-Early Permian,,74.6,0.13,13.8,1.5,,,0.028,0.028,0.48,3.27,4.99,0.23,,,,,,0.56,,0.03,,,,1.18,0.78,1.28,,,,,,,,,3520,,326,,17,4.1,4.146341463,85,2.55,33.33333333
MPG,Förster et al. 1999,509,Central Europe,Erzgebirge,Eibenstock,Li-mica granite,EIB1 ,Late Carboniferous-Early Permian,,74.6,0.11,13.6,1.45,,,0.028,0.028,0.44,3.13,4.91,0.27,,,,,,0.73,,0.09,,,,1.21,0.77,1.30,,,,,,,,,4710,,300,,20,4.6,4.347826087,75,2.74,27.37226277
MPG,Förster et al. 1999,814,Central Europe,Erzgebirge,Eibenstock,Li-mica granite,EIB2 ,Late Carboniferous-Early Permian,,74.6,0.072,14,1.23,,,0.016,0.016,0.38,3.54,4.47,0.4,,,,,,0.5,,0.09,,,,1.23,0.76,1.31,,,,,,,,,6850,,578,,26,7.7,3.376623377,53,2.39,22.17573222
MPG,Förster et al. 1999,811,Central Europe,Erzgebirge,Eibenstock,Li-mica granite,EIB3 ,Late Carboniferous-Early Permian,,74,0.057,14.8,1,,,0.033,0.033,0.37,3.76,4.3,0.39,,,,,,0.28,,0.11,,,,1.29,0.73,1.37,,,,,,,,,8290,,1001,,25,9.4,2.659574468,31,1.57,19.74522293
MPG,Förster et al. 1999,1081,Central Europe,Erzgebirge,Eibenstock,Li-mica granite,EIB3 ,Late Carboniferous-Early Permian,,74.8,0.053,14.2,1.06,,,0.022,0.022,0.35,3.49,4.36,0.35,,,,,,0.49,,0.05,,,,1.28,0.74,1.36,,,,,,,,,6870,,329,,19,5,3.8,23,1.08,21.2962963
MPG,Förster et al. 1999,1197,Central Europe,Erzgebirge,Eibenstock,Li-mica granite,EIB3 ,Late Carboniferous-Early Permian,,72.8,0.047,15.1,0.95,,,0.028,0.028,0.43,3.87,4.34,0.51,,,,,,0.72,,0.03,,,,1.27,0.73,1.36,,,,,,,,,11800,,1226,,38,13,2.923076923,34,2.29,14.84716157
MPG,Förster et al. 1999,510,Central Europe,Erzgebirge,Eibenstock,Li-mica granite,A-EIB1 ,Late Carboniferous-Early Permian,,73,0.035,15.2,0.95,,,0.022,0.022,0.35,4.15,4,0.5,,,,,,0.4,,0.1,,,,1.29,0.73,1.36,,,,,,,,,13300,,950,,33,11,3,31,1.98,15.65656566
MPG,Förster et al. 1999,800,Central Europe,Erzgebirge,Eibenstock,Li-mica granite,A-EIB1 ,Late Carboniferous-Early Permian,,72.9,0.032,15.4,1.21,,,0.024,0.024,0.67,3.69,3.77,0.4,,,,,,0.75,,0.18,,,,1.35,0.66,1.52,,,,,,,,,12300,,800,,41,19.3,2.124352332,27,1.48,18.24324324
MPG,Förster et al. 1999,896,Central Europe,Erzgebirge,,Li-mica granite,POB0 ,Late Carboniferous-Early Permian,,74.8,0.12,13.5,1.52,,,0.027,0.027,0.58,3.13,4.81,0.25,,,,,,0.67,,0.11,,,,1.18,0.77,1.30,,,,,,,,,2490,,211,,15,3.9,3.846153846,86,2.69,31.97026022
MPG,Förster et al. 1999,899,Central Europe,Erzgebirge,,Li-mica granite,POB1 ,Late Carboniferous-Early Permian,,75.1,0.11,13.3,1.7,,,0.025,0.025,0.47,3.12,4.81,0.23,,,,,,0.58,,0.08,,,,1.19,0.78,1.29,,,,,,,,,2880,,212,,16,2.8,5.714285714,75,2.8,26.78571429
MPG,Förster et al. 1999,915,Central Europe,Erzgebirge,,Li-mica granite,POB2 ,Late Carboniferous-Early Permian,,75.8,0.092,13,1.62,,,0.025,0.025,0.48,3.04,4.46,0.22,,,,,,0.71,,0.11,,,,1.21,0.76,1.32,,,,,,,,,3280,,287,,18,2.6,6.923076923,78,3.33,23.42342342
MPG,Förster et al. 1999,908,Central Europe,Erzgebirge,,Li-mica granite,POB2 ,Late Carboniferous-Early Permian,,74.4,0.063,14.2,1.34,,,0.031,0.031,0.4,3.57,4.46,0.37,,,,,,0.46,,0.07,,,,1.24,0.75,1.33,,,,,,,,,5590,,465,,25,6.7,3.731343284,51,2.3,22.17391304
MPG,Förster et al. 1999,911,Central Europe,Erzgebirge,,Li-mica granite,POB3 ,Late Carboniferous-Early Permian,,74.4,0.042,14.4,1.19,,,0.022,0.022,0.42,3.55,4.26,0.39,,,,,,0.58,,0.07,,,,1.28,0.73,1.38,,,,,,,,,6650,,392,,22,7,3.142857143,27,1.47,18.36734694
MPG,Förster et al. 1999,926,Central Europe,Erzgebirge,,Li-mica granite,SZU0 ,Late Carboniferous-Early Permian,,73.7,0.22,13.7,1.72,,,0.029,0.029,0.83,3.03,4.85,0.27,,,,,,0.76,,0.11,,,,1.17,0.75,1.34,,,,,,,,,2540,,164,,15,4.3,3.488372093,137,4.18,32.77511962
MPG,Förster et al. 1999,934,Central Europe,Erzgebirge,,Li-mica granite,SZU2 ,Late Carboniferous-Early Permian,,75.3,0.11,13.3,1.52,,,0.034,0.034,0.55,3.21,4.43,0.27,,,,,,0.7,,0.11,,,,1.20,0.76,1.32,,,,,,,,,2940,,256,,18,4.7,3.829787234,71,2.51,28.28685259
MPG,Förster et al. 1999,935,Central Europe,Erzgebirge,,Li-mica granite,SZU2 ,Late Carboniferous-Early Permian,,75.7,0.073,13.3,1.43,,,0.029,0.029,0.47,3.21,4.39,0.28,,,,,,0.68,,0.06,,,,1.22,0.75,1.33,,,,,,,,,3880,,296,,19,4.4,4.318181818,61,2.31,26.40692641
MPG,Förster et al. 1999,923,Central Europe,Erzgebirge,,Li-mica granite,SZU3,Late Carboniferous-Early Permian,,73.2,0.051,15.2,0.8,,,0.036,0.036,0.66,3.26,4.53,0.56,,,,,,0.54,,0.08,,,,1.33,0.68,1.48,,,,,,,,,10500,,626,,32,12,2.666666667,46,2.45,18.7755102
MPG,temprok et al. 2005,,Central Europe,Erzgebirge,Vykmanov,YIC granite (Li granite),,Late Carboniferous-Early Permian,,76.86,0.1,12.99,0.19,0.52,0.013,0.1,0.17,,2.34,5.89,0.2,,,,,,0.93,,0.02,,100.64,,1.27,0.79,1.27,,,,,,200,,10,2100,,53.46687211,,8,3,2.666666667,11,2,5.5
MPG,temprok et al. 2005,,Central Europe,Erzgebirge,Vykmanov,YIC granite (Li granite),,Late Carboniferous-Early Permian,,75.26,0.08,13.73,0.12,0.87,0.03,0.12,0.39,,3.32,4.63,0.23,,,,,,1.11,,0.02,,100.37,,1.31,0.76,1.31,,,,,,700,,23,2900,,105.1515152,,11,4.8,2.291666667,16,2.1,7.619047619
MPG,temprok et al. 2005,,Central Europe,Erzgebirge,Vykmanov,YIC granite (Li granite),,Late Carboniferous-Early Permian,,73.8,0.15,13.77,1.11,0.54,0.03,0.1,0.67,,3.21,5.07,0.22,,,,,,0.8,,0.07,,99.77,,1.28,0.78,1.28,,,,,,,,31.6,1500,,126.538264,,30.8,179.4,0.171683389,53,2.8,18.92857143
MPG,Hecht et al. 1997,G1(w),Central Europe,Fichtelgebirge,,OIC,Porphyritic biotite-rich granite (less evolved variety),326,,68.29,0.63,15.11,3.71,,,0.059,1.09,2.04,3.24,4.59,0.31,,,,,,,,,,,,1.08,0.68,1.47,,,,,,,,,620,,100,,15,1.8,8.333333333,262,7.4,35.40540541
MPG,Hecht et al. 1997,G1(e),Central Europe,Fichtelgebirge,,OIC,Porphyritic biotite-rich granite (more evolved variety),326,,70.83,0.45,14.55,2.57,,,0.042,0.73,1.45,3.17,4.74,0.25,,,,,,,,,,,,1.12,0.71,1.41,,,,,,,,,545,,82,,14,1.5,9.333333333,174,4.8,36.25
MPG,Hecht et al. 1997,G1Sa,Central Europe,Fichtelgebirge,,OIC,Equigranular two-mica granite (less evolved biotite-rich),326,,72.61,0.27,14.6,1.6,,,0.033,0.45,1.03,3.5,4.79,0.2,,,,,,,,,,,,1.14,0.75,1.33,,,,,,,,,333,,129,,10,2.1,4.761904762,136,4,34
MPG,Hecht et al. 1997,G1Sb,Central Europe,Fichtelgebirge,,OIC,Equigranular two-mica granite (more evolved biotite-poor),326,,73.38,0.13,14.5,1.07,,,0.021,0.24,0.53,3.44,4.75,0.32,,,,,,,,,,,,1.23,0.74,1.34,,,,,,,,,759,,117,,10,2.2,4.545454545,50,2.3,21.73913043
MPG,Hecht et al. 1997,G1Sm,Central Europe,Fichtelgebirge,,OIC,Equigranular muscovite granite,326,,73.86,0.07,14.57,0.56,,,0.024,0.07,0.44,3.83,4.27,0.36,,,,,,,,,,,,1.24,0.75,1.33,,,,,,,,,1075,,167,,22,4.3,5.11627907,20,1.7,11.76470588
MPG,Hecht et al. 1997,G2,Central Europe,Fichtelgebirge,Ochsenkopf,YIC-1,Porphyritic two-mica granite,305,,73.13,0.32,13.45,2.46,,,0.036,0.35,0.86,2.87,5.54,0.19,,,,,,,,,,,,1.10,0.80,1.25,,,,,,,,,1414,,107,,13,1.6,8.125,173,8.4,20.5952381
MPG,Hecht et al. 1997,G3,Central Europe,Fichtelgebirge,Ochsenkopf,YIC-1,Equigranular two-mica granite,306,,74.93,0.22,12.89,2.02,,,0.027,0.27,0.81,2.82,5.27,0.16,,,,,,,,,,,,1.09,0.80,1.25,,,,,,,,,1103,,146,,10,1.5,6.666666667,144,4.5,32
MPG,Hecht et al. 1997,G2,Central Europe,Fichtelgebirge,Waldstein,YIC-1,Porphyritic two-mica granite,305,,74.37,0.18,13.6,1.68,,,0.037,0.2,0.43,2.83,4.9,0.17,,,,,,,,,,,,1.27,0.73,1.37,,,,,,,,,1357,,197,,18,4.3,4.186046512,92,3,30.66666667
MPG,Hecht et al. 1997,G3,Central Europe,Fichtelgebirge,Waldstein,YIC-1,Equigranular two-mica granite,306,,75.68,0.16,13.24,1.81,,,0.041,0.2,0.49,3,4.85,0.15,,,,,,,,,,,,1.20,0.77,1.30,,,,,,,,,1513,,219,,13,3.6,3.611111111,72,2.8,25.71428571
MPG,Hecht et al. 1997,G2,Central Europe,Fichtelgebirge,Kornberg,YIC-1,Porphyritic two-mica granite,305,,74.23,0.13,14.04,1.42,,,0.035,0.2,0.52,3.36,4.99,0.27,,,,,,,,,,,,1.18,0.78,1.28,,,,,,,,,1775,,196,,14,3,4.666666667,69,2.4,28.75
MPG,Hecht et al. 1997,G3,Central Europe,Fichtelgebirge,Kornberg,YIC-1,Equigranular two-mica granite,306,,76.06,0.17,12.77,1.81,,,0.03,0.19,0.5,2.99,4.89,0.22,,,,,,,,,,,,1.15,0.80,1.25,,,,,,,,,1174,,133,,12,1.3,9.230769231,87,2.8,31.07142857
MPG,Hecht et al. 1997,G3K,Central Europe,Fichtelgebirge,,YIC-2,Coarse-grained cordierite-garnet- biotite granite,286,,71.05,0.5,14.14,3.65,,,0.048,0.57,1.3,2.62,5.29,0.26,,,,,,,,,,,,1.14,0.71,1.41,,,,,,,,,897,,73,,13,1.3,10,263,9.3,28.27956989
MPG,Hecht et al. 1997,G2K,Central Europe,Fichtelgebirge,,YIC-2,Weak porphyritic to equigranular biotite-rich granite,287,,74.01,0.24,13.6,2.06,,,0.031,0.25,0.6,2.83,5.28,0.21,,,,,,,,,,,,1.19,0.76,1.31,,,,,,,,,1654,,123,,11,2.1,5.238095238,129,5,25.8
MPG,Hecht et al. 1997,G2*,Central Europe,Fichtelgebirge,,YIC-2,Porphyritic two-mica granite,305,,74.72,0.09,13.28,1.6,,,0.029,0.12,0.41,3.21,5.01,0.2,,,,,,,,,,,,1.16,0.81,1.24,,,,,,,,,2312,,205,,11,3.3,3.333333333,63,2.9,21.72413793
MPG,Hecht et al. 1997,G4,Central Europe,Fichtelgebirge,,YIC-2,Equigranular two-mica granite,289,,74.61,0.06,14.07,1.4,,,0.03,0.08,0.33,3.59,4.7,0.24,,,,,,,,,,,,1.21,0.78,1.28,,,,,,,,,2946,,310,,16,3.3,4.848484848,50,2.8,17.85714286
MPG,Dostal and Chatterjee 1995,3024,Canada,South Mountain Batholith,,Muscovite-Biotite leucomonzogranite-A,,Late Devonian,,73.53,0.17,13.71,,,1.71,0.04,0.96,0.5,3.54,4.44,0.27,,,,,,,,,0.6,99.47,,1.19,0.78,1.29,,,,,,,,,1361,,137,,15,2.6,5.8,86,2.44,35.24590164
MPG,Dostal and Chatterjee 1995,1215,Canada,South Mountain Batholith,,Muscovite-Biotite leucomonzogranite-A,,Late Devonian,,74.23,0.15,12.9,,,1.64,0.06,0.9,0.33,3.75,4.12,0.27,,,,,,,,,0.8,99.15,,1.15,0.82,1.21,,,,,,,,,1741,,143,,20,3.8,5.3,73,1.98,36.86868687
MPG,Dostal and Chatterjee 1995,1050,Canada,South Mountain Batholith,,Muscovite-Biotite leucomonzogranite-A,,Late Devonian,,75.97,0.11,13.3,,,1.3,0.04,0.76,0.28,3.32,4.16,0.33,,,,,,,,,0.4,99.97,,1.27,0.75,1.33,,,,,,,,,2400,,269,,19,4.9,3.9,47,1.32,35.60606061
MPG,Dostal and Chatterjee 1995,1053,Canada,South Mountain Batholith,,Muscovite-Biotite leucomonzogranite-A,,Late Devonian,,73.72,0.22,13.74,,,1.83,0.04,1,0.5,3.18,4.66,0.25,,,,,,,,,0.5,99.64,,1.23,0.75,1.34,,,,,,,,,701,,74,,13,2.1,6.2,90,2.62,34.35114504
MPG,Dostal and Chatterjee 1995,3012,Canada,South Mountain Batholith,,Muscovite-Biotite leucomonzogranite-A,,Late Devonian,,73.62,0.12,13.78,,,1.4,0.03,0.21,0.41,3.23,4.96,0.21,,,,,,,,,0.5,98.47,,1.21,0.78,1.29,,,,,,,,,659,,88,,12,2.2,5.5,67,2.16,31.01851852
MPG,Dostal and Chatterjee 1995,82-32,Canada,South Mountain Batholith,,Muscovite-Biotite leucomonzogranite-A,,Late Devonian,,74.62,0.11,13.09,,,1.66,0.04,0.85,0.35,3.12,5.02,0.18,,,,,,,,,0.6,99.64,,1.17,0.81,1.24,,,,,,,,,1561,,137,,14,2.9,4.8,79,2.12,37.26415094
MPG,Dostal and Chatterjee 1995,82-11,Canada,South Mountain Batholith,,Muscovite-biotite leucomonzogranite-B,,Late Devonian,,72.57,0.33,13.5,,,2.29,0.07,1.25,1.26,3.59,3.99,0.13,,,,,,,,,0.6,99.58,,1.08,0.76,1.32,,,,,,,,,2972,,171,,15,3.1,4.8,127,3.56,35.6741573
MPG,Dostal and Chatterjee 1995,7510,Canada,South Mountain Batholith,,Muscovite-biotite leucomonzogranite-B,,Late Devonian,,72.83,0.26,14.07,,,1.58,0.05,0.85,1.17,3.18,4.25,0.13,,,,,,,,,0.8,99.17,,1.18,0.70,1.43,,,,,,,,,1280,,170,,16,2.9,5.5,110,2.98,36.91275168
MPG,Dostal and Chatterjee 1995,82-17,Canada,South Mountain Batholith,,Muscovite-biotite leucomonzogranite-B,,Late Devonian,,75.68,0.1,12.57,,,1.33,0.05,0.86,0.39,3.76,4.51,0.07,,,,,,,,,0.7,100.02,,1.07,0.88,1.14,,,,,,,,,1539,,144,,11,2.7,4.1,74,2.11,35.07109005
MPG,Dostal and Chatterjee 1995,83-20,Canada,South Mountain Batholith,,Muscovite-biotite leucomonzogranite-B,,Late Devonian,,73.97,0.12,12.97,,,1.71,0.05,1.05,0.36,3.63,4.57,0.1,,,,,,,,,0.7,99.23,,1.12,0.84,1.19,,,,,,,,,2456,,107,,14,4.1,3.4,75,2,37.5
MPG,Dostal and Chatterjee 1995,79-39,Canada,South Mountain Batholith,,leucogranite-A,,Late Devonian,,74.17,0.04,15.18,,,1.2,0.08,0.1,0.51,5.03,2.68,0.44,,,,,,,,,0.7,100.13,,1.25,0.74,1.36,,,,,,,,,6300,,420,,27,6.4,4.2,35,0.9,38.88888889
MPG,Dostal and Chatterjee 1995,79-43,Canada,South Mountain Batholith,,leucogranite-A,,Late Devonian,,74.24,0.05,14.99,,,1.12,0.05,0.12,0.46,4.22,4.01,0.4,,,,,,,,,0.5,100.16,,1.24,0.75,1.33,,,,,,,,,4959,,395,,28,6.2,4.5,28,0.8,35
MPG,Dostal and Chatterjee 1995,1054,Canada,South Mountain Batholith,,leucogranite-B,,Late Devonian,,73.92,0.03,14.73,,,1.11,0.08,0.65,0.28,4.22,3.97,0.15,,,,,,,,,0.8,99.94,,1.25,0.76,1.31,,,,,,,,,5340,,371,,26,13,2.0,19,0.54,35.18518519
MPG,Dostal and Chatterjee 1995,79-100,Canada,South Mountain Batholith,,leucogranite-B,,Late Devonian,,75.03,0.07,14.02,,,1.16,0.06,0.08,0.53,3.74,3.97,0.21,,,,,,,,,0.78,99.65,,1.23,0.75,1.34,,,,,,,,,5600,,364,,24,9.4,2.6,28,0.7,40
MPG,Dostal and Chatterjee 1995,79-117,Canada,South Mountain Batholith,,leucogranite-B,,Late Devonian,,73.72,0.06,14.25,,,1.68,0.9,0.12,0.9,2.99,3.79,0.19,,,,,,,,,1.1,99.7,,1.34,0.63,1.58,,,,,,,,,5600,,309,,24,13,1.8,33,0.85,38.82352941
MPG,Mac Donald et al. 1992,,Canada,South Mountain Batholith,,Muscovite-biotite Monzogranite,,Late Devonian,,71.74,0.32,14.51,2.45,,,0.06,1.16,0.83,3.43,4.65,0.23,,,,,,,,,,,,1.19,0.74,1.36,,,,,,,,,924,,91,,13,1.9,6.842105263,119,4,29.75
MPG,Mac Donald et al. 1992,,Canada,South Mountain Batholith,,Corase grained leucomonzogranite,,Late Devonian,,73.07,0.2,14.25,1.91,,,0.05,0.93,0.64,3.45,4.64,0.23,,,,,,,,,,,,1.20,0.75,1.33,,,,,,,,,1105,,106,,12,2.3,5.217391304,89,3,29.66666667
MPG,Mac Donald et al. 1992,,Canada,South Mountain Batholith,,Fine grained leucomonzogranite,,Late Devonian,,73.9,0.13,14.26,1.45,,,0.05,0.85,0.41,3.5,4.48,0.26,,,,,,,,,,,,1.26,0.74,1.34,,,,,,,,,1002,,108,,12,2.6,4.615384615,59,2,29.5
MPG,Mac Donald et al. 1992,,Canada,South Mountain Batholith,,leucogranite,,Late Devonian,,73.62,0.07,14.57,1.34,,,0.04,0.76,0.39,3.69,4.1,0.41,,,,,,,,,,,,1.30,0.72,1.39,,,,,,,,,2550,,236,,23,5,4.6,39,1,39
MPG,Wang et al. 2007,01WF03,China,Hunam province,Wufengxian,groupe I,,210-243,,75.72,0.14,13.33,,0.08,0.82,0.04,0.41,0.72,3.39,3.9,0.18,,,,,,,,,1,99.73,,1.20,0.74,1.36,,,,,,,,,,,,,15.43,3.12,4.9,58.8,2.1,28.0
MPG,Wang et al. 2007,01WF05,China,Hunam province,Wufengxian,groupe I,,210-243,,75.5,0.11,13.61,,0.1,0.97,0.04,0.34,0.78,3.32,4.1,0.17,,,,,,,,,0.91,99.95,,1.20,0.73,1.37,,,,,,,,,,,,,14.79,3.21,4.6,66.4,2.32,28.6
MPG,Wang et al. 2007,01WF07,China,Hunam province,Wufengxian,groupe I,,210-243,,75.32,0.1,13.5,,0.04,0.85,0.04,0.36,0.82,3.13,4.55,0.16,,,,,,,,,0.98,99.85,,1.17,0.75,1.34,,,,,,,,,,,,,12.41,2.68,4.6,65.4,2.21,29.6
MPG,Wang et al. 2007,01WF09,China,Hunam province,Wufengxian,groupe I,,210-243,,75.17,0.09,13.7,,0.05,0.65,0.03,0.33,0.85,3.31,4.7,0.16,,,,,,,,,0.82,99.86,,1.13,0.77,1.30,,,,,,,,,,,,,11.13,2.35,4.7,63.5,2.12,30.0
MPG,Wang et al. 2007,02TSH01,China,Hunam province,Tashan,groupe I,,210-243,,73.34,0.24,13.88,,0.11,1.55,0.03,0.7,1.82,2.77,4.38,0.09,,,,,,,,,1.09,100,,1.10,0.67,1.49,,,,,,,,,,,,,14.03,3.11,4.5,111.5,3.46,32.2
MPG,Wang et al. 2007,02TSH5,China,Hunam province,Tashan,groupe I,,210-243,,73.71,0.24,13.7,,0.14,1.6,0.04,0.72,1.45,2.94,4.38,0.08,,,,,,,,,0.99,99.99,,1.12,0.70,1.43,,,,,,,,,,,,,13.45,2.99,4.5,108.6,3.15,34.5
MPG,Wang et al. 2007,01YM06,China,Hunam province,Yangmingshan,groupe I,,210-243,,74.3,0.25,13.18,,0.34,1.27,0.05,0.57,0.87,3,4.46,0.2,,,,,,,,,1.39,99.88,,1.16,0.74,1.35,,,,,,,,,,,,,14.42,2.84,5.1,115.6,3.51,32.9
MPG,Wang et al. 2007,01YM09,China,Hunam province,Yangmingshan,groupe I,,210-243,,76.49,0.13,12.89,,0.38,0.6,0.05,0.29,0.45,3.94,3.74,0.2,,,,,,,,,0.78,99.89,,1.14,0.82,1.22,,,,,,,,,,,,,16.59,3.23,5.1,94,3.03,31.0
MPG,Wang et al. 2007,01ZY02,China,Hunam province,Ziyunshan,groupe I,,210-243,,74.19,0.19,13.67,,0.05,1.4,0.03,0.46,1.2,2.59,5.08,0.1,,,,,,,,,0.88,99.84,,1.14,0.71,1.40,,,,,,,,,,,,,13.71,2.05,6.7,107.1,3.47,30.9
MPG,Wang et al. 2007,01ZY07,China,Hunam province,Ziyunshan,groupe I,,210-243,,74.13,0.22,13.44,,0.01,1.65,0.04,0.58,1.35,2.88,4.55,0.09,,,,,,,,,0.9,99.84,,1.11,0.72,1.39,,,,,,,,,,,,,16.32,2.61,6.3,116.1,3.71,31.3
MPG,Wang et al. 2007,01DZ04,China,Hunam province,Dingziwan,groupe I,,210-243,,74.31,0.12,14.25,,0.02,0.92,0.04,0.34,1.2,3.62,4.14,0.15,,,,,,,,,0.72,99.83,,1.13,0.73,1.37,,,,,,,,,,,,,9.47,2.43,3.9,65.3,2.14,30.5
MPG,Wang et al. 2007,01DZ11,China,Hunam province,Dingziwan,groupe I,,210-243,,73.39,0.25,14.43,,0.05,1.2,0.02,0.55,1.84,3.2,4.04,0.11,,,,,,,,,0.73,99.81,,1.11,0.67,1.50,,,,,,,,,,,,,6.99,1.25,5.6,116.1,3.3,35.2
MPG,Wang et al. 2007,01WS02,China,Hunam province,Wushi,groupe I,,210-243,,73.61,0.21,14.3,,0.05,1.3,0.03,0.51,1.53,3.28,4.19,0.1,,,,,,,,,0.74,99.85,,1.12,0.69,1.44,,,,,,,,,,,,,8.09,1.63,5.0,102,3.03,33.7
MPG,Wang et al. 2007,01WS06,China,Hunam province,Wushi,groupe I,,210-243,,73.58,0.21,14.29,,0.07,1.18,0.04,0.55,1.61,3.28,4.2,0.1,,,,,,,,,0.71,99.82,,1.11,0.70,1.44,,,,,,,,,,,,,7.94,1.75,4.5,102,3.19,32.0
MPG,Xu et al. 2015,11TJ-62,China,Yunnan Province,Dulong,Dulong fine-grained granite (DFG),,90,,73.21,0.1,14.46,0.99,,,0.04,0.22,0.77,3.64,4.41,0.24,,,,,,,,,1.23,,,1.19,0.74,1.34,,,,,,,,,,,,,27.1,7.09,3.822284908,56,2,28
MPG,Xu et al. 2015,11TJ-61,China,Yunnan Province,Dulong,Dulong fine-grained granite (DFG),,90,,72.54,0.11,14.38,0.9,,,0.04,0.21,0.93,3.19,5.55,0.2,,,,,,,,,1.45,,,1.11,0.78,1.28,,,,,,,,,,,,,22.5,5.25,4.285714286,72,2.2,32.72727273
MPG,Xu et al. 2015,11TJ-58,China,Yunnan Province,Dulong,Dulong fine-grained granite (DFG),,90,,71.81,0.17,14.97,1.35,,,0.04,0.27,0.94,3.39,5,0.24,,,,,,,,,1.6,,,1.18,0.73,1.36,,,,,,,,,,,,,28.9,7.62,3.792650919,98,3.1,31.61290323
MPG,Xu et al. 2015,11TJ-55,China,Yunnan Province,Dulong,Dulong fine-grained granite (DFG),,90,,71.31,0.1,15.4,1.47,,,0.06,0.34,0.84,3.59,4.69,0.21,,,,,,,,,1.57,,,1.23,0.71,1.40,,,,,,,,,,,,,25.8,7.32,3.524590164,53,1.9,27.89473684
MPG,Xu et al. 2015,11LJS-96-2,China,Yunnan Province,Dulong,Dulong fine-grained granite (DFG),,90,,72.05,0.13,14.6,1.39,,,0.05,0.3,0.82,3.06,5.14,0.26,,,,,,,,,1.12,,,1.21,0.73,1.38,,,,,,,,,,,,,19.9,4.95,4.02020202,81,2.6,31.15384615
MPG,Xu et al. 2015,11LJS-68,China,Yunnan Province,Dulong,Dulong fine-grained granite (DFG),,90,,73.59,0.13,13.95,1.16,,,0.04,0.26,0.78,3.15,4.86,0.23,,,,,,,,,1.19,,,1.18,0.75,1.34,,,,,,,,,,,,,16.8,3.24,5.185185185,76,2.5,30.4
MPG,Xu et al. 2015,DL-43,China,Yunnan Province,Dulong,Dulong fine-grained granite (DFG),,90,,73.12,0.09,14.65,0.9,,,0.03,0.21,0.82,3.83,4.42,0.22,,,,,,,,,1.53,,,1.16,0.76,1.32,,,,,,,,,,,,,22.1,6.72,3.288690476,57,2,28.5
MPG,Xu et al. 2015,DL-30,China,Yunnan Province,Dulong,Dulong fine-grained granite (DFG),,90,,73.84,0.07,14.38,0.71,,,0.03,0.15,0.81,3.77,4.41,0.22,,,,,,,,,1.39,,,1.16,0.76,1.31,,,,,,,,,,,,,20.5,5.44,3.768382353,42,1.5,28
MPG,Xu et al. 2015,DL-29,China,Yunnan Province,Dulong,Dulong fine-grained granite (DFG),,90,,73.09,0.09,14.49,0.87,,,0.05,0.15,0.82,3.78,4.55,0.2,,,,,,,,,1.33,,,1.15,0.77,1.30,,,,,,,,,,,,,17.3,7.15,2.41958042,53,1.9,27.89473684
MPG,Xu et al. 2015,DL-28,China,Yunnan Province,Dulong,Dulong fine-grained granite (DFG),,90,,73.53,0.08,14.59,0.76,,,0.03,0.18,0.88,3.77,4.42,0.23,,,,,,,,,1.19,,,1.16,0.75,1.33,,,,,,,,,,,,,22.3,7.24,3.080110497,56,2,28
MPG,Xu et al. 2015,DL-27,China,Yunnan Province,Dulong,Dulong fine-grained granite (DFG),,90,,73.91,0.08,14.45,0.9,,,0.03,0.18,0.7,3.42,4.72,0.21,,,,,,,,,1.22,,,1.20,0.74,1.35,,,,,,,,,,,,,19.7,5.62,3.505338078,50,1.7,29.41176471
MPG,Xu et al. 2015,13MG-11,China,Yunnan Province,Dulong,Dulong fine-grained granite (DFG),,90,,72.85,0.1,14.66,1.06,,,0.04,0.25,0.72,4.02,4.38,0.24,,,,,,,,,1,,,1.16,0.77,1.29,,,,,,,,,,,,,25.5,6.6,3.863636364,50,1.9,26.31578947
MPG,Xu et al. 2015,13MG-12,China,Yunnan Province,Dulong,Dulong coarse-grained granite (DCG),,90,,72.67,0.1,14.71,1,,,0.04,0.23,0.72,3.91,4.42,0.26,,,,,,,,,1.2,,,1.17,0.76,1.31,,,,,,,,,,,,,26.1,7.06,3.696883853,52,2,26
MPG,Xu et al. 2015,13MG-13,China,Yunnan Province,Dulong,Dulong coarse-grained granite (DCG),,90,,73.11,0.1,14.74,1.09,,,0.04,0.19,0.68,4.01,4.45,0.24,,,,,,,,,1.1,,,1.17,0.77,1.29,,,,,,,,,,,,,25.7,5.93,4.333895447,53,2,26.5
MPG,Xu et al. 2015,13MG-14,China,Yunnan Province,Dulong,Dulong coarse-grained granite (DCG),,90,,73.14,0.1,14.48,0.94,,,0.04,0.29,0.69,3.89,4.59,0.24,,,,,,,,,1.1,,,1.15,0.79,1.27,,,,,,,,,,,,,23.9,6.33,3.775671406,48,1.9,25.26315789
MPG,Xu et al. 2015,13HST-5,China,Yunnan Province,Dulong,Dulong coarse-grained granite (DCG),,90,,72.27,0.1,15.1,1.11,,,0.04,0.18,0.73,3.94,4.6,0.23,,,,,,,,,1.3,,,1.18,0.76,1.32,,,,,,,,,,,,,24.3,7.03,3.456614509,52,2,26
MPG,Xu et al. 2015,13HST-6,China,Yunnan Province,Dulong,Dulong coarse-grained granite (DCG),,90,,72.97,0.11,14.79,1.03,,,0.04,0.26,0.68,3.66,4.38,0.25,,,,,,,,,1.5,,,1.23,0.73,1.37,,,,,,,,,,,,,26.1,7.6,3.434210526,52,2,26
MPG,Xu et al. 2015,13HST-1,China,Yunnan Province,Dulong,Dulong coarse-grained granite (DCG),,90,,70.39,0.22,14.8,1.85,,,0.06,0.46,1.05,3.37,5.18,0.26,,,,,,,,,1.4,,,1.13,0.75,1.33,,,,,,,,,,,,,26.5,6.31,4.199683043,134,4.3,31.1627907
MPG,Xu et al. 2015,13HST-2,China,Yunnan Province,Dulong,Dulong porphyritic granite (DPG),,90,,71.68,0.24,14.68,1.97,,,0.06,0.49,1.04,3.4,4.68,0.28,,,,,,,,,1.4,,,1.17,0.73,1.38,,,,,,,,,,,,,28.8,5.69,5.061511424,149,4.7,31.70212766
MPG,Xu et al. 2015,13HST-4,China,Yunnan Province,Dulong,Dulong porphyritic granite (DPG),,90,,71.64,0.23,14.67,1.86,,,0.06,0.38,1.1,3.62,4.45,0.26,,,,,,,,,1.2,,,1.15,0.73,1.36,,,,,,,,,,,,,29.4,6.71,4.381520119,132,4.2,31.42857143
MPG,Xu et al. 2015,13HST-7,China,Yunnan Province,Dulong,Dulong porphyritic granite (DPG),,90,,71.02,0.23,14.38,1.74,,,0.09,0.34,1.59,2.77,5.11,0.27,,,,,,,,,1.9,,,1.11,0.70,1.43,,,,,,,,,,,,,29.9,6.09,4.909688013,141,4.4,32.04545455
MPG,Xu et al. 2015,13HST-20,China,Yunnan Province,Dulong,Dulong porphyritic granite (DPG),,90,,72.92,0.12,14.5,1.07,,,0.03,0.24,0.65,3.87,4.43,0.24,,,,,,,,,1.1,,,1.17,0.77,1.30,,,,,,,,,,,,,30.3,8.88,3.412162162,55,2.2,25
MPG,Xu et al. 2015,13HST-23,China,Yunnan Province,Dulong,Dulong porphyritic granite (DPG),,90,,72.3,0.15,15.37,1.21,,,0.07,0.36,0.67,2.22,6.77,0.28,,,,,,,,,0.4,,,1.26,0.71,1.40,,,,,,,,,,,,,24.7,5.13,4.814814815,90,3.2,28.125
MPG,Xu et al. 2015,13HST-24,China,Yunnan Province,Dulong,Dulong porphyritic granite (DPG),,90,,72.03,0.15,14.32,1.07,,,0.04,0.52,0.59,2.32,6.68,0.27,,,,,,,,,1.5,,,1.18,0.77,1.30,,,,,,,,,,,,,24.9,5.01,4.97005988,87,3.2,27.1875
MPG,TaO et al. 2005,GD04,China,Nanling range ,Xiazhuang,two-mica granite,,228-225,,72.58,0.14,13.91,,0.4,1.41,0.03,0.35,0.89,2.99,5.63,0.07,,,,,,,,,1.52,,,1.10,0.79,1.26,,,,,,,,,,,,,19.7,2.9,6.793103448,96.8,4.28,22.61682243
MPG,TaO et al. 2005,ZG01-3,China,Nanling range ,Changsha,Garnet- and tourmaline-bearing muscovite granite,,228-225,,75.17,0.03,13.74,,0.39,0.8,0.08,0.08,0.31,3.61,4.46,0.14,,,,,,,,,0.52,,,1.21,0.78,1.28,,,,,,,,,,,,,50.7,16.2,3.12962963,5.54,0.47,11.78723404
MPG,TaO et al. 2005,GD06-3,China,Nanling range ,Maofeng,Two mica granite,,228-225,,76.02,0.04,13.84,,0.07,1.26,0.04,0.24,0.28,3.79,3.46,0.04,,,,,,,,,0.91,,,1.32,0.72,1.39,,,,,,,,,,,,,91.4,17.8,5.134831461,24.3,3.23,7.523219814
MPG,TaO et al. 2005,GD08,China,Nanling range ,Siqian,muscovite granite,,228-225,,73.56,0.14,13.55,,0.26,1.46,0.04,0.27,0.96,3.07,4.79,0.18,,,,,,,,,1.34,,,1.13,0.76,1.32,,,,,,,,,,,,,26.4,5.89,4.482173175,89.9,3.6,24.97222222
MPG,TaO et al. 2005,G99-2-3,China,Nanling range ,Zhangtiantang,Garnet-bearing two-mica granite,,228-225,,75.66,0.01,13.4,,0.13,1.16,0.25,0,0.37,3.79,3.95,0.03,,,,,,,,,0.83,,,1.20,0.78,1.27,,,,,,,,,,,,,38.4,26.5,1.449056604,24.7,3.97,6.221662469
MPG,Wu et al. 2017,DJS-2,China,Nanling Range,Dajishan,No. 69 granite,,152,,75.6,0.01,13.62,,0.29,0.13,0.06,0.16,0.74,4.27,4.17,0.02,,,,,,,,,0.96,100.25,,1.06,0.85,1.18,,,,,,,,,2200,,21.6,,22.5,6.84,3.289473684,18.2,4.38,4.155251142
MPG,Wu et al. 2017,DJS-20,China,Nanling Range,Dajishan,No. 69 granite,,152,,78.09,0.01,12.49,,0.12,0.17,0.07,0.06,0.44,4.4,3.5,0.02,,,,,,,,,0.62,100.21,,1.06,0.88,1.13,,,,,,,,,2300,,26.2,,56.8,103.5,0.548792271,30.7,5.72,5.367132867
MPG,Wu et al. 2017,DJS-7,China,Nanling Range,Dajishan,No. 69 granite,,152,,73.62,0.02,14.8,,0.15,0.17,0.05,0.09,0.59,4.42,5.2,0.02,,,,,,,,,0.85,100.41,,1.06,0.87,1.15,,,,,,,,,4400,,26.8,,41.8,46.5,0.898924731,17.5,3.01,5.813953488
MPG,Xie et al. 2016,JPL-43,China,Nanling Range,Jiepailing,granitic porphyry,ZK12/129,91-90,,73.51,0.01,14.22,,0.07,0.23,0.07,0.03,2.18,0.14,8.07,0.01,,,,,,,,,1.41,99.95,,1.10,0.63,1.59,,,,,,,,,22700,,365,,68,30,2.27,75,5.6,13.39285714
MPG,Xie et al. 2016,JPL-31,China,Nanling Range,Jiepailing,granitic porphyry,ZK6/132,91-90,,70.61,0.01,13.95,,0.28,1.02,0.38,0.08,1.49,0.25,8.39,0.01,,,,,,,,,2.56,99.02,,1.14,0.68,1.47,,,,,,,,,23500,,1860,,64,18,3.56,66,4.4,15
MPG,Xie et al. 2016,JPL-28,China,Nanling Range,Jiepailing,Topaz granite,ZK5/132,91-90,,64.21,,18.83,,0.28,0.51,0.88,0.04,0.38,3.99,8.25,0.01,,,,,,,,,1.74,99.13,,1.16,0.82,1.22,,,,,,,,,6400,,11,,65,18,3.61,40,4.2,9.523809524
MPG,Xie et al. 2016,JPL-17,China,Nanling Range,Jiepailing,Topazzinnwaldite granite,ZK5/132,91-90,,71.82,0.01,15.22,,0.22,1.13,0.14,0.02,0.11,3.6,5.57,0.01,,,,,,,,,1.4,99.25,,1.25,0.79,1.27,,,,,,,,,9600,,576,,68,40,1.70,22,3.4,6.470588235
MPG,Xie et al. 2016,JPL-21,China,Nanling Range,Jiepailing,Topazzinnwaldite granite,ZK5/132,91-90,,72.66,,15.36,,0.39,0.51,0.16,0.02,0.19,3.93,4.56,0.01,,,,,,,,,1.3,99.09,,1.31,0.74,1.35,,,,,,,,,11200,,201,,66,41,1.61,16,2.2,7.272727273
MPG,Zhu et al. 2015,S102-1,China,northeastern Jiangxi,Songshugang granite.,Topaz albite granite,,124-131,,69.7,0,18.82,,,1.15,0,0.04,0.12,4.89,4.15,0.05,,,,,,,,,0.73,99.66,,1.48,0.67,1.50,,,,,,,,,,,447,,161,101,1.59,76.2,12.8,
MPG,Zhu et al. 2015,S102-2,China,northeastern Jiangxi,Songshugang granite.,Topaz albite granite,,124-131,,69.32,0,18.74,,,1.13,0,0.03,0.13,4.92,4.12,0.05,,,,,,,,,1.21,99.67,,1.47,0.67,1.49,,,,,,,,,,,1550,,108,65.8,1.64,99.8,16.5,
MPG,Zhu et al. 2015,S102-22,China,northeastern Jiangxi,Songshugang granite.,Topaz K-feldspar granite,,124-131,,70.8,0.01,16.84,,,3.24,0.02,0.07,0.43,0.21,6.45,0.05,,,,,,,,,1.88,99.99,,2.08,0.44,2.30,,,,,,,,,,,1320,,103,63.9,1.61,106,16.6,
MPG,Zhu et al. 2015,S102-26,China,northeastern Jiangxi,Songshugang granite.,Topaz K-feldspar granite,,124-131,,71.22,0.01,16.27,,,1.3,0.01,0.05,0.77,1.57,6.83,0.05,,,,,,,,,1.66,99.75,,1.43,0.61,1.63,,,,,,,,,,,610,,150,82.8,1.81,99.6,16.4,
MPG,Sokolova et al. 2011,,Gorny Altai,Altai kasakstan kalguty,,Major-stage granites,,215,,71.9,0.44,13.86,,,2.54,,0.75,1.59,3,4.64,0.19,,,,,,,,,0.76,,,1.08,0.72,1.39,,,,,,,,,700,,145,,66.4,2.4,27.7,175,5.2,33.65384615
MPG,Sokolova et al. 2011,,Gorny Altai,Altai kasakstan kalguty,,Ongonites,,215,,73.02,0.05,14.8,,,1.11,,0.11,0.62,4.73,3.75,0.42,,,,,,,,,0.8,,,1.14,0.80,1.25,,,,,,,,19.1,4000,,277,,67.6,43.26,1.6,27,1.8,15
MPG,Sokolova et al. 2011,,Gorny Altai,Altai kasakstan kalguty,,Elvans,,215,,73.02,0.1,14.56,,,1.53,,0.23,0.59,3.52,4.9,0.31,,,,,,,,,1.2,,,1.20,0.76,1.31,,,,,,,,42.3,2600,,232,,42.4,12.07,3.5,46,2.1,21.9047619
MPG,Sokolova et al. 2011,,Gorny Altai,Altai kasakstan kalguty,,URM ongonites,,215,,71.98,0.03,15.95,,,0.95,,0.1,0.52,4.23,3.51,0.71,,,,,,,,,1.67,,,1.36,0.67,1.48,,,,,,,,31.1,5600,,2269,,80.9,80,1.0,18,1.8,10
MPG,Sokolova et al. 2011,,Gorny Altai,Altai kasakstan kalguty,,URM elvans,,215,,72.97,0.08,14.93,,,1.09,,0.2,0.55,3.72,4.15,0.39,,,,,,,,,1.08,,,1.29,0.71,1.41,,,,,,,,,3400,,618,,51.1,34.3,1.5,,,
MPG,Zaraisky et al. 2009,CH-46-1/99,Eastern Transbaikalia,Kukulbei Complex,,Ms leucogranites,,140,,73.6,0.05,14.2,,,0.65,0.05,0.05,1.33,3,5.2,0.08,,,,,,,,,,,,1.09,0.74,1.34,,,,,,,,,5700,,134.1,,24.2,11,0.392458638,46.9,3.3,2.411764706
MPG,Zaraisky et al. 2009,A-35/96,Eastern Transbaikalia,Kukulbei Complex,,Ms leucogranites,,140,,74.3,0.07,14.4,,,0.63,0.04,0.14,0.73,3.17,4.8,0.05,,,,,,,,,,,,1.23,0.72,1.38,,,,,,,,,7200,,90,,79,9.1,3.904545455,46,2,16.72985782
MPG,Zaraisky et al. 2009,CH-31-2/99,Eastern Transbaikalia,Kukulbei Complex,,Ms leucogranites,,140,,74.4,0.01,14.6,,,0.61,,,0.57,4.22,4.04,0.02,,,,,,,,,,,,1.18,0.78,1.29,,,,,,,,,1100,,54.6,,81,54.3,0.765525982,32.9,3,2.863354037
MPG,Zaraisky et al. 2009,Z-20/95,Eastern Transbaikalia,Kukulbei Complex,,Ms leucogranites,,140,,75.36,0.05,13.3,,,1.41,0.02,0.2,0.4,4.06,4.48,0.025,,,,,,,,,,,,1.09,0.87,1.15,,,,,,,,,800,,123.8,,43.9,8,5.4875,52.6,3.3,15.93939394
MPG,Jaguin 2012,60,South Africa,Murchison,,lekkersmaak granite,porphyric,2775,,73.59,0.19,14.34,1.09,,,0.02,0.24,0.67,4.52,3.85,0.05,,,,,,,,,0.83,,,1.12,0.81,1.24,,,,,,,,,,,,,4.64,1.1,4.218181818,133.3,3.85,34.62337662
MPG,Jaguin 2012,61,South Africa,Murchison,,lekkersmaak granite,porphyric,2775,,73.84,0.21,14.43,1.17,,,0.03,0.25,0.76,5.1,2.97,0.06,,,,,,,,,0.81,,,1.11,0.80,1.24,,,,,,,,,,,,,4.12,0.79,5.215189873,137.7,3.93,35.03816794
MPG,Jaguin 2012,63,South Africa,Murchison,,lekkersmaak granite,ms-bt,2775,,73.68,0.13,14.11,0.86,,,0.01,0.17,0.87,4.44,4.09,,,,,,,,,,0.77,,,1.10,0.81,1.24,,,,,,,,,,,,,1.92,0.16,12,81.08,2.57,31.54863813
MPG,Jaguin 2012,66,South Africa,Murchison,,lekkersmaak granite,ms-bt,2775,,72.6,0.28,14.34,1.5,,,0.02,0.42,1.22,4.38,3.84,0.15,,,,,,,,,0.64,,,1.18,0.79,1.27,,,,,,,,,,,,,3.54,0.41,8.634146341,204.1,5.07,40.25641026
MPG,Jaguin 2012,109,South Africa,Murchison,,lekkersmaak granite,bt-ms,2775,,73.33,0.19,14.49,1.07,,,0.03,0.25,0.84,4.45,4.02,0.07,,,,,,,,,0.84,,,1.12,0.82,1.21,,,,,,,,,,,,,4.56,0.72,6.333333333,135.3,3.89,34.781491
MPG,Jaguin 2012,18c,South Africa,Murchison,,lekkersmaak granite,,2775,,73.43,0.19,14.21,1.07,,,0.03,0.25,0.96,4.51,3.93,0.06,,,,,,,,,1.02,,,1.15,0.81,1.23,,,,,,,,,,,,,4.84,0.98,4.93877551,132.2,3.63,36.41873278
MPG,Jaguin 2012,80,South Africa,Murchison,,lekkersmaak granite,,2775,,75.77,0.09,14.14,0.6,,,0.03,0.17,0.47,5.69,1.67,,,,,,,,,,0.98,,,1.16,0.81,1.23,,,,,,,,,,,,,6.34,1.89,3.354497354,51.11,1.79,28.55307263
MPG,Jaguin 2012,67,South Africa,Murchison,,lekkersmaak granite,gt-ms-bt,2775,,74.29,0.09,14.21,0.83,,,0.02,0.1,0.51,4.45,4.05,,,,,,,,,,0.69,,,1.16,0.81,1.23,,,,,,,,,,,,,11.77,1.4,8.407142857,70.28,2.72,25.83823529
MPG,Jaguin 2012,72,South Africa,Murchison,,lekkersmaak granite,ms,2775,,72.76,0.21,14.33,1.08,,,0.02,0.27,0.87,4.61,3.79,0.06,,,,,,,,,0.81,,,1.17,0.82,1.23,,,,,,,,,,,,,5.19,1.69,3.071005917,134.2,3.74,35.88235294
MPG,Jaguin 2012,8a,South Africa,Murchison,,lekkersmaak granite,ms?,2775,,75.18,0.11,13.44,0.6,,,0.01,0.09,0.59,3.98,4.61,,,,,,,,,,0.83,,,1.18,0.82,1.23,,,,,,,,,,,,,1.63,0.14,11.64285714,61.2,1.89,32.38095238
MPG,Jaguin 2012,09-108,South Africa,Murchison,,Willie,Ms-Bt,2775,,73.42,0.17,14.15,0.96,,,0.02,0.21,0.71,4.59,3.87,0.06,,,,,,,,,1,,,1.19,0.82,1.22,,,,,,,,,,,,,5.39,1.12,4.8125,99.97,3.25,30.76
